"10","Japan","Tokyo Institute of Technology","null","https://www.topuniversities.com/sites/default/files/styles/logo_90x90/public/tokyo-institute-of-technology_613_medium_1.jpg","null","null","/node/297248","https://www.titech.ac.jp/english/?utm_source=the&utm_medium=ad&utm_campaign=the_profile","Public","Very High","9,832","1,563""1,071""1"
"19","Japan","Waseda University","null","https://www.topuniversities.com/sites/default/files/styles/logo_90x90/public/waseda-university_592560cf2aeae70239af4d1c_medium.jpg","null","null","/node/297196","http://www.waseda.jp/inst/whywaseda/?utm_source=QS%20Waseda%20banners&utm_medium=QS%20Waseda%20profile&utm_campaign=QS%20Waseda%20profile","Private","Very High","46,301","3,850""6,230""1"
"160","Hong Kong","Lingnan University, Hong Kong","null","https://www.topuniversities.com/sites/default/files/styles/logo_90x90/public/lingnan-university-hong-kong_894_medium_0.jpg","null","null","/node/296993","http://www.ln.edu.hk/","Public","High","2,883","232""440""1"
"196","Hong Kong","The Hong Kong University of Science and Technology","null","https://www.topuniversities.com/sites/default/files/styles/logo_90x90/public/the-hong-kong-university-of-science-and-technology_269_medium_1.jpg","null","null","/node/294255","http://www.ust.hk","Public","Very High","10,375","1,150""2,921""1"
"187","Hong Kong","The Hong Kong Polytechnic University","null","https://www.topuniversities.com/sites/default/files/styles/logo_90x90/public/the-hong-kong-polytechnic-university_267_medium_1.jpg","null","null","/node/294257","https://www.polyu.edu.hk/web/en/home/index.html","Public","Very High","20,972","2,447""5,251""1"
"205","Hong Kong","The Education University of Hong Kong","null","https://www.topuniversities.com/sites/default/files/styles/logo_90x90/public/the-education-university-of-hong-kong_592560cf2aeae70239af5734_medium.jpg","null","null","/node/293855","http://www.eduhk.hk","null","null","null","null""null""1"
"178","Hong Kong","The Chinese University of Hong Kong (CUHK)","null","https://www.topuniversities.com/sites/default/files/styles/logo_90x90/public/the-chinese-university-of-hong-kong-cuhk_123_medium_1.jpg","null","null","/node/294277","http://www.cuhk.edu.hk","Public","Very High","18,037","2,208""4,824""1"
"223","Hong Kong","School of Hotel and Tourism Management, The Hong Kong Polytechnic University","null","https://www.topuniversities.com/sites/default/files/styles/logo_90x90/public/school-of-hotel-and-tourism-management-the-hong-kong-polytechnic-university_28934_medium_0.jpg","null","null","/node/307031","https://www.polyu.edu.hk/htm","null","null","null","null""null""1"
"214","Hong Kong","The Chinese University of Hong Kong - Faculty of Law","null","https://www.topuniversities.com/sites/default/files/styles/logo_90x90/public/the-chinese-university-of-hong-kong-faculty-of-law_28941_medium.jpg","null","null","/node/307714","http://www.law.cuhk.edu.hk/en/","null","null","null","null""null""1"
"169","Hong Kong","The University of Hong Kong","null","https://www.topuniversities.com/sites/default/files/styles/logo_90x90/public/the-university-of-hong-kong_268_medium.jpg","null","null","/node/294256","http://www.hku.hk","Public","Very High","20,214","3,012""8,230""1"
"232","Hong Kong","Faculty of Business, The Hong Kong Polytechnic University","null","https://www.topuniversities.com/sites/default/files/styles/logo_90x90/public/the-hong-kong-polytechnic-university-faculty-of-business_20644_medium_1.jpg","null","null","/node/296033","http://www.fb.polyu.edu.hk/default.aspx","null","null","null","null""null""1"
"286","Costa Rica","ULACIT - Universidad Latinoamericana de Ciencia y Tecnología, Costa Rica","null","https://www.topuniversities.com/sites/default/files/styles/logo_90x90/public/-ulacit-universidad-latinoamericana-de-ciencia-y-tecnologa-costa-rica_592560cf2aeae70239af4dbb_medium_0.jpg","null","null","/node/297550","http://www.ulacit.ac.cr","Private","Low","2,250","153""158""1"
"435","Russia","Tomsk State Pedagogical University","null","https://www.topuniversities.com/sites/default/files/styles/logo_90x90/public/tomsk-state-pedagogical-university_592560cf2aeae70239af5a7a_medium_0.jpg","null","null","/node/295425","http:// https://www.tspu.edu.ru/en/","null","null","null","null""null""1"
"453","Russia","National Research University Moscow Power Engineering Institute (MPEI)","null","https://www.topuniversities.com/sites/default/files/styles/logo_90x90/public/national-research-university-moscow-power-engineering-institute-mpei_19739_medium_1.jpg","null","null","/node/296061","http://www.mpei.ru","Public","High","13,933","814""845""1"
"471","Russia","Samara National Research University (Samara University)","null","https://www.topuniversities.com/sites/default/files/styles/logo_90x90/public/samara-national-research-university-samara-university_21813_medium_1.jpg","null","null","/node/295946","http://www.ssau.ru","Public","Very High","10,284","1,044""560""1"
"390","Russia","National Research Tomsk Polytechnic University","null","https://www.topuniversities.com/sites/default/files/styles/logo_90x90/public/national-research-tomsk-polytechnic-university_14158_medium_3.jpg","null","null","/node/293643","https://tpu.ru/en","Public","Very High","9,662","1,626""2,473""1"
"354","Russia","Ural Federal University","null","https://www.topuniversities.com/sites/default/files/styles/logo_90x90/public/ural-federal-university-_592560cf2aeae70239af505a_medium_0.jpg","null","null","/node/296475","http://www.urfu.ru","Public","High","26,345","4,203""2,464""1"
"372","Russia","RUDN University","null","https://www.topuniversities.com/sites/default/files/styles/logo_90x90/public/rudn-university_1503_medium_2.jpg","null","null","/node/296468","http://eng.rudn.ru/","Public","Medium","21,526","2,639""5,628""1"
"345","Russia","Russian State Social University","null","https://www.topuniversities.com/sites/default/files/styles/logo_90x90/public/russian-state-social-university_592560e79988f300e2321fdd_medium.jpg","null","null","/node/309669","http://www.rgsu.net","Public","Medium","13,941","933""2,043""1"
"399","Russia","Moscow State Institute of International Relations (MGIMO University)","null","https://www.topuniversities.com/sites/default/files/styles/logo_90x90/public/moscow-state-institute-of-international-relations-mgimo-university_2156_medium.jpg","null","null","/node/295119","http://english.mgimo.ru","Public","Low","7,552","1,549""1,297""1"
"444","Russia","National Research Nuclear University MEPhI (Moscow Engineering Physics Institute)","null","https://www.topuniversities.com/sites/default/files/styles/logo_90x90/public/national-research-nuclear-university-mephi-moscow-engineering-physics-institute_15207_medium_1.png","null","null","/node/294393","https://eng.mephi.ru/","Public","Very High","6,804","1,159""1,399""1"
"363","Russia","Peter the Great Saint-Petersburg Polytechnic University","null","https://www.topuniversities.com/sites/default/files/styles/logo_90x90/public/peter-the-great-saint-petersburg-polytechnic-university_2153_medium_3.jpg","null","null","/node/295116","http://english.spbstu.ru/education/programs/programs-in-english/","Public","Very High","17,571","2,978""3,282""1"
"426","Russia","Novosibirsk State University","null","https://www.topuniversities.com/sites/default/files/styles/logo_90x90/public/novosibirsk-state-university_462_medium_0.jpg","null","null","/node/294749","https://english.nsu.ru/","Public","Very High","7,204","1,038""1,342""1"
"381","Russia","Samara Polytech","null","https://www.topuniversities.com/sites/default/files/styles/logo_90x90/public/samara-state-technical-university_592560cf2aeae70239af59d6_medium_0.jpg","null","null","/node/295768","http://samgtu.ru/","null","null","7,299","958""361""1"
"660","Sweden","Lund University","null","https://www.topuniversities.com/sites/default/files/styles/logo_90x90/public/lund-university_371_medium_3.jpg","null","null","/node/293996","http://www.lunduniversity.lu.se","Public","Very High","27,786","3,031""6,408""1"
"687","Sweden","Karolinska Institutet","null","https://www.topuniversities.com/sites/default/files/styles/logo_90x90/public/karolinska-institutet_311_medium_2.jpg","null","null","/node/294162","http://ki.se/en/startpage","Public","Very High","7,786","1,771""1,420""1"
"678","Sweden","Stockholm School of Economics","null","https://www.topuniversities.com/sites/default/files/styles/logo_90x90/public/stockholm-school-of-economics_576_medium_0.jpg","null","null","/node/297279","http://www.hhs.se","Private","Very High","2,216","113""301""1"
"780","Switzerland","Ecole hôtelière de Lausanne","null","https://www.topuniversities.com/sites/default/files/styles/logo_90x90/public/ecole-htelire-de-lausanne_174_medium_2.jpg","null","null","/node/294484","http://www.ehl.edu","null","null","null","null""null""1"
"781","Switzerland","SBS Swiss Business School","null","https://www.topuniversities.com/sites/default/files/styles/logo_90x90/public/sbs-swiss-business-school-zurich_1619_medium_1.jpg","null","null","/node/297593","http://www.sbs.edu","null","null","null","null""null""1"
"793","Switzerland","Geneva Business School","null","https://www.topuniversities.com/sites/default/files/styles/logo_90x90/public/geneva-business-school_14355_medium_0.jpg","null","null","/node/293801","http://www.gbsge.com","null","null","null","null""null""1"
"784","Switzerland","University of St.Gallen (HSG)","null","https://www.topuniversities.com/sites/default/files/styles/logo_90x90/public/university-of-st.gallen-hsg_571_medium_3.jpg","null","null","/node/297284","https://www.unisg.ch","Public","Very High","8,232","446""2,749""1"
"783","Switzerland","Sustainability Management School","null","https://www.topuniversities.com/sites/default/files/styles/logo_90x90/public/sustainability-management-school_24512_medium_4.jpg","null","null","/node/295668","http://www.sumas.ch/","null","null","null","null""null""1"
"782","Switzerland","International University in Geneva","null","https://www.topuniversities.com/sites/default/files/styles/logo_90x90/public/international-university-in-geneva_14258_medium_1.jpg","null","null","/node/293716","http://www.iun.ch/iun/en/EN-EN/index.cfm","null","null","null","null""null""1"
"918","Australia","Bond University","null","https://www.topuniversities.com/sites/default/files/styles/logo_90x90/public/bond-university_715_medium_2.jpg","null","null","/node/297113","http://www.bond.edu.au/future-students/international","Private","High","3,096","358""991""1"
"972","Australia","The University of Western Australia","null","https://www.topuniversities.com/sites/default/files/styles/logo_90x90/public/the-university-of-western-australia_673_medium_0.jpg","null","null","/node/297188","http://www.uwa.edu.au","Public","Very High","18,531","1,420""4,575""1"
"1017","Australia","Edith Cowan University","null","https://www.topuniversities.com/sites/default/files/styles/logo_90x90/public/edith-cowan-university_841_medium_1.jpg","null","null","/node/296821","http://www.ecu.edu.au","Public","High","17,073","685""3,440""1"
"936","Australia","Curtin University - Faculty of Humanities","null","https://www.topuniversities.com/sites/default/files/styles/logo_90x90/public/curtin-university-faculty-of-humanities_24987_medium_0.jpg","null","null","/node/295632","http://humanities.curtin.edu.au","null","null","null","null""null""1"
"990","Australia","University of South Australia","null","https://www.topuniversities.com/sites/default/files/styles/logo_90x90/public/university-of-south-australia_566_medium_2.jpg","null","null","/node/297289","http://www.unisa.edu.au","Public","Very High","17,388","1,435""3,634""1"
"1026","Australia","Macquarie University","null","https://www.topuniversities.com/sites/default/files/styles/logo_90x90/public/macquarie-university_378_medium_3.jpg","null","null","/node/293982","http://www.mq.edu.au","Public","Very High","22,765","1,517""5,550""1"
"981","Australia","University of Technology Sydney","null","https://www.topuniversities.com/sites/default/files/styles/logo_90x90/public/university-of-technology-sydney_592560cf2aeae70239af4ccf_medium_1.jpg","null","null","/node/297273","http://www.uts.edu.au","Public","Very High","24,207","1,328""7,769""1"
"927","Australia","University of Tasmania","null","https://www.topuniversities.com/sites/default/files/styles/logo_90x90/public/university-of-tasmania_593_medium_1.jpg","null","null","/node/297268","http://www.utas.edu.au/?utm_source=QS&utm_medium=referral&utm_campaign=TopUniversities","Public","Very High","9,024","796""2,834""1"
"1062","Australia","University of Wollongong","null","https://www.topuniversities.com/sites/default/files/styles/logo_90x90/public/university-of-wollongong_680_medium_1.jpg","null","null","/node/297181","https://www.uow.edu.au","Public","High","18,476","1,301""4,730""1"
"1053","Australia","The University of New South Wales (UNSW Sydney)","null","https://www.topuniversities.com/sites/default/files/styles/logo_90x90/public/the-university-of-new-south-wales-unsw-sydney_447_medium_0.jpg","null","null","/node/294788","https://ad.doubleclick.net/ddm/clk/303568713;130648127;d","Public","Very High","39,784","2,924""14,292""1"
"954","Australia","RMIT University","null","https://www.topuniversities.com/sites/default/files/styles/logo_90x90/public/rmit-university_592560cf2aeae70239af4c95_medium.jpg","null","null","/node/297499","https://www.rmit.edu.au/study-with-us/international-students?utm_medium=web&utm_source=QS&utm_campaign=INT_Sub&utm_content=Profile_page","Public","Very High","32,667","1,915""8,674""1"
"999","Australia","Queensland University of Technology (QUT)","null","https://www.topuniversities.com/sites/default/files/styles/logo_90x90/public/queensland-university-of-technology-qut_516_medium_0.jpg","null","null","/node/297459","https://www.qut.edu.au/","Public","Very High","33,929","1,755""5,267""1"
"1035","Australia","The University of Queensland","null","https://www.topuniversities.com/sites/default/files/styles/logo_90x90/public/the-university-of-queensland_515_medium_2.jpg","null","null","/node/297460","http://future-students.uq.edu.au","Public","Very High","37,497","3,158""10,420""1"
"1044","Australia","Curtin University","null","https://www.topuniversities.com/sites/default/files/styles/logo_90x90/public/curtin-university_150_medium_1.jpg","null","null","/node/294507","http://www.curtin.edu.au","Public","Very High","25,604","1,917""5,284""1"
"1138","Indonesia","Bina Nusantara University (BINUS)","null","https://www.topuniversities.com/sites/default/files/styles/logo_90x90/public/bina-nusantara-university-binus_937_medium_2.jpg","null","null","/node/296983","http://www.binus.ac.id","Private","Low","16,727","1,117""161""1"
"1472","Spain","ESCP Europe Business School","null","https://www.topuniversities.com/sites/default/files/styles/logo_90x90/public/escp-europe-madrid-campus_592560cf2aeae70239af51e7_medium_0.jpg","null","null","/node/293116","http://www.escpeurope.eu/campus/escp-europe-campus-madrid/escp-europe-madrid-campus/","null","null","null","null""null""1"
"1427","Spain","EU Business School","null","https://www.topuniversities.com/sites/default/files/styles/logo_90x90/public/european-university-barcelona-geneva-montreux-munich_1909_medium_0.jpg","null","null","/node/294834","https://www.euruni.edu/?utm_source=QSTopUniversities&utm_medium=profile&utm_campaign=general&utm_content=","null","null","null","null""null""1"
"1418","Spain","Universidad Carlos III de Madrid (UC3M)","null","https://www.topuniversities.com/sites/default/files/styles/logo_90x90/public/universidad-carlos-iii-de-madrid-uc3m_1509_medium_2.jpg","null","null","/node/296463","http://www.uc3m.es/Home","Public","Very High","17,618","2,204""488""1"
"1481","Spain","IE School of International Relations","null","https://www.topuniversities.com/sites/default/files/styles/logo_90x90/public/international-relations_5989e1c7acb295502258d477_medium.jpg","null","null","/node/371340","https://track.adform.net/C/?bn=19096332","null","null","null","null""null""1"
"1517","Spain","Universitat de Barcelona","null","https://www.topuniversities.com/sites/default/files/styles/logo_90x90/public/university-of-barcelona_592560cf2aeae70239af4aaf_medium_1.jpg","null","null","/node/294613","http://www.ub.edu/web/ub/en/?utm_source=qsranking&utm_medium=perfil&utm_campaign=ub_internacional&utm_content=boto_ub_overview","Public","Very High","46,002","3,863""6,134""1"
"1454","Spain","Universitat Autònoma de Barcelona","null","https://www.topuniversities.com/sites/default/files/styles/logo_90x90/public/universitat-autnoma-de-barcelona_592560cf2aeae70239af4ab0_medium.jpg","null","null","/node/294612","http://www.uab.cat/en/","Public","Very High","31,986","2,187""3,848""1"
"1490","Spain","IE University","null","https://www.topuniversities.com/sites/default/files/styles/logo_90x90/public/ie-university_293_medium_0.jpg","null","null","/node/294227","http://www.ie.edu/","null","null","null","null""null""1"
"1690","Portugal","Católica Lisbon School of Business and Economics","null","https://www.topuniversities.com/sites/default/files/styles/logo_90x90/public/catlica-lisbon-school-of-business-and-economics_21816_medium_0.jpg","null","null","/node/295982","https://www.clsbe.lisboa.ucp.pt/","null","null","null","null""null""1"
"1691","Portugal","Universidade Nova de Lisboa","null","https://www.topuniversities.com/sites/default/files/styles/logo_90x90/public/universidade-nova-de-lisboa_460_medium_2.jpg","null","null","/node/294754","http://www.unl.pt","Public","High","19,490","1,746""2,076""1"
"1875","Colombia","Universidad de los Andes","null","https://www.topuniversities.com/sites/default/files/styles/logo_90x90/public/universidad-de-los-andes_592560cf2aeae70239af4bf6_medium_0.jpg","null","null","/node/294011","https://uniandes.edu.co","Private","Medium","16,665","1,089""293""1"
"1849","Cyprus","University of Nicosia","null","https://www.topuniversities.com/sites/default/files/styles/logo_90x90/public/university-of-nicosia_592560cf2aeae70239af597b_medium.jpg","null","null","/node/295969","https://www.unic.ac.cy","null","null","null","null""null""1"
"1850","Cyprus","European University Cyprus (EUC)","null","https://www.topuniversities.com/sites/default/files/styles/logo_90x90/public/european-university-cypruseuc_592560e49988f300e23217f5_medium.jpg","null","null","/node/303235","http://www.euc.ac.cy","null","null","null","null""null""1"
"1857","Colombia","Universidad del Rosario","null","https://www.topuniversities.com/sites/default/files/styles/logo_90x90/public/universidad-del-rosario_592560cf2aeae70239af514d_medium_0.jpg","null","null","/node/296857","http://www.urosario.edu.co","Private","High","9,038","588""165""1"
"1969","Italy","Università Cattolica del Sacro Cuore","null","https://www.topuniversities.com/sites/default/files/styles/logo_90x90/public/universitcattolica-del-sacro-cuore_406_medium.jpg","null","null","/node/294854","http://www.ucscinternational.it","Private","Very High","30,263","1,600""2,360""1"
"2005","Italy","ESCP EUROPE - Torino","null","https://www.topuniversities.com/sites/default/files/styles/logo_90x90/public/escp-europe-torino_1890_medium.jpg","null","null","/node/294805","http://www.escpeurope.eu","null","null","null","null""null""1"
"1987","Italy","Bocconi University","null","https://www.topuniversities.com/sites/default/files/styles/logo_90x90/public/bocconi-university_592560cf2aeae70239af4abf_medium_0.jpg","null","null","/node/294596","http://www.unibocconi.eu/graduateguidance","Private","Very High","13,377","802""1,597""1"
"2023","Italy","Università degli Studi di Pavia","null","https://www.topuniversities.com/sites/default/files/styles/logo_90x90/public/universit-degli-studi-di-pavia_493_medium_1.jpg","null","null","/node/297512","http://www.unipv.eu/site/en/home.html","Public","High","23,927","1,141""1,652""1"
"2032","Italy","IULM - International University of Languages and Media","null","https://www.topuniversities.com/sites/default/files/styles/logo_90x90/public/iulm-international-university-of-languages-and-media_592560cf2aeae70239af5008_medium_0.jpg","null","null","/node/296550","http://www.iulm.com","null","null","null","null""null""1"
"2014","Italy","Politecnico di Torino","null","https://www.topuniversities.com/sites/default/files/styles/logo_90x90/public/politecnico-di-torino_633_medium.jpg","null","null","/node/297228","http://www.polito.it/index.php?lang=en","Public","Very High","31,166","840""4,485""1"
"1951","Italy","University of Modena and Reggio Emilia","null","https://www.topuniversities.com/sites/default/files/styles/logo_90x90/public/university-of-modena-and-reggio-emilia_411_medium_0.jpg","null","null","/node/294849","http://www.international.unimore.it/","Public","High","23,336","723""1,367""1"
"1978","Italy","University of Naples - Federico II","null","https://www.topuniversities.com/sites/default/files/styles/logo_90x90/public/university-of-naples-federico-ii_432_medium.jpg","null","null","/node/294819","http://www.unina.it","Public","Very High","79,894","2,359""369""1"
"2050","Italy","LUMSA University","null","https://www.topuniversities.com/sites/default/files/styles/logo_90x90/public/lumsa-university_592560cf2aeae70239af5a86_medium_0.jpg","null","null","/node/309702","http://www.lumsa.it/en","null","null","null","null""null""1"
"2041","Italy","Alma Mater Studiorum - University of Bologna","null","https://www.topuniversities.com/sites/default/files/styles/logo_90x90/public/alma-mater-studiorum-university-of-bologna_592560cf2aeae70239af4ac0_medium.jpg","null","null","/node/294595","http://www.unibo.it/en/","Public","Very High","63,399","2,990""4,195""1"
"2288","New Zealand","University of Otago","null","https://www.topuniversities.com/sites/default/files/styles/logo_90x90/public/university-of-otago_474_medium_2.jpg","null","null","/node/297618","http://www.otago.ac.nz","Public","Very High","18,532","1,266""3,871""1"
"2279","New Zealand","The University of Auckland","null","https://www.topuniversities.com/sites/default/files/styles/logo_90x90/public/the-university-of-auckland_592560cf2aeae70239af4aa8_medium_0.jpg","null","null","/node/294619","http://www.auckland.ac.nz","Public","Very High","29,641","2,047""8,568""1"
"2261","New Zealand","Victoria University of Wellington","null","","null","null","/node/297211","http://www.victoria.ac.nz/international","Public","Very High","17,085","985""3,280""1"
"2376","United States","Hult International Business School","null","https://www.topuniversities.com/sites/default/files/styles/logo_90x90/public/hult-international-business-school_2095_medium_3.jpg","null","null","/node/294653","http://hult.edu","null","null","null","null""null""1"
"2367","United States","Maryland Institute College of Art","null","https://www.topuniversities.com/sites/default/files/styles/logo_90x90/public/maryland-institute-college-of-art_592560de9988f300e232073b_medium.jpg","null","null","/node/293913","http://www.mica.edu","null","null","null","null""null""1"
"2313","United States","Arizona State University Online","null","https://www.topuniversities.com/sites/default/files/styles/logo_90x90/public/asu-online_592560e89988f300e232225e_medium_24.jpg","null","null","/node/379132","https://tinyurl.com/y8talmm7","null","null","null","null""null""1"
"2340","United States","ASU - Thunderbird School of Global Management","null","https://www.topuniversities.com/sites/default/files/styles/logo_90x90/public/thunderbird-school-of-global-management_592560cf2aeae70239af55e1_medium.jpg","null","null","/node/293638","https://thunderbird.asu.edu?sv=QS%20TopMBA.com&sd=QS-onlineprofile","null","null","null","null""null""1"
"2358","United States","George Washington University","null","https://www.topuniversities.com/sites/default/files/styles/logo_90x90/public/george-washington-university_223_medium_1.jpg","null","null","/node/294358","http://www.gwu.edu","Private","Very High","22,884","1,708""3,814""1"
"2304","United States","University at Buffalo SUNY","null","https://www.topuniversities.com/sites/default/files/styles/logo_90x90/public/university-at-buffalo-suny_1888_medium_1.jpg","null","null","/node/294802","http://www.buffalo.edu","Public","Very High","27,631","1,440""5,604""1"
"3102","Singapore","Singapore Management University","null","https://www.topuniversities.com/sites/default/files/styles/logo_90x90/public/singapore-management-university_1177_medium_0.jpg","null","null","/node/297648","http://www.smu.edu.sg","Public","High","8,637","603""1,796""1"
"3139","Mexico","Universidad de las Américas Puebla (UDLAP)","null","https://www.topuniversities.com/sites/default/files/styles/logo_90x90/public/universidad-de-las-amricas-puebla-udlap_2637_medium_0.jpg","null","null","/node/293445","http://www.udlap.mx/inicio.aspx?idioma=2","Private","Medium","6,560","506""346""1"
"3184","Mexico","Universidad Tecmilenio","null","https://www.topuniversities.com/sites/default/files/styles/logo_90x90/public/universidad-tecmilenio_592560de9988f300e2320863_medium_0.jpg","null","null","/node/294112","http://tecmilenio.mx/en","Private","Low","15,596","2,020""5""1"
"3148","Mexico","Universidad del Valle de México (UVM)","null","https://www.topuniversities.com/sites/default/files/styles/logo_90x90/public/universidad-del-valle-de-mxico-uvm_2670_medium.jpg","null","null","/node/293478","http://www.uvmnet.edu","Private","Low","75,892","3,709""261""1"
"3256","Mexico","Universidad Autónoma de Campeche (UACAM)","null","https://www.topuniversities.com/sites/default/files/styles/logo_90x90/public/universidad-autnoma-de-campeche-uac_592560cf2aeae70239af5498_medium.jpg","null","null","/node/293391","http://www.uacam.mx","Public","Medium","5,984","413""10""1"
"3166","Mexico","Universidad Autónoma de Coahuila (UAdeC)","null","https://www.topuniversities.com/sites/default/files/styles/logo_90x90/public/universidad-autnoma-de-coahuila-uadec_592560cf2aeae70239af549f_medium_0.jpg","null","null","/node/293397","http://www.uadec.mx","Public","Low","23,638","1,245""null""1"
"3229","Mexico","Universidad Tecnológica de México (UNITEC)","null","https://www.topuniversities.com/sites/default/files/styles/logo_90x90/public/universidad-tecnolgica-de-mxico-unitec_2707_medium.jpg","null","null","/node/293515","http://www.unitec.mx","Private","Low","49,263","1,704""141""1"
"3202","Mexico","Universidad de Guadalajara (UDG)","null","https://www.topuniversities.com/sites/default/files/styles/logo_90x90/public/universidad-de-guadalajara-udg_592560cf2aeae70239af5137_medium.jpg","null","null","/node/296848","http://www.udg.mx/en","Public","Medium","120,298","5,773""420""1"
"3175","Mexico","Benemérita Universidad Autónoma de Puebla","null","https://www.topuniversities.com/sites/default/files/styles/logo_90x90/public/benemrita-universidad-autnoma-de-puebla_592560cf2aeae70239af5478_medium_0.jpg","null","null","/node/293359","http://www.buap.mx","Public","Medium","66,992","3,541""261""1"
"3193","Mexico","Instituto Tecnológico y de Estudios Superiores de Monterrey","null","https://www.topuniversities.com/sites/default/files/styles/logo_90x90/public/instituto-tecnolgico-y-de-estudios-superiores-de-monterrey_592560cf2aeae70239af4cd6_medium.jpg","null","null","/node/297267","http://www.tec.mx","Private","Medium","13,376","1,822""1,412""1"
"3220","Mexico","Universidad Iberoamericana IBERO","null","https://www.topuniversities.com/sites/default/files/styles/logo_90x90/public/universidad-iberoamericana-uia_592560cf2aeae70239af4b96_medium_0.jpg","null","null","/node/294249","http://ibero.mx/","Private","Low","12,047","914""null""1"
"3238","Mexico","Instituto Politécnico Nacional (IPN)","null","https://www.topuniversities.com/sites/default/files/styles/logo_90x90/public/instituto-politcnico-nacional-ipn_2560_medium_0.jpg","null","null","/node/293370","http://www.ipn.mx/","Public","Very High","100,852","7,862""170""1"
"3211","Mexico","Universidad de Sonora","null","https://www.topuniversities.com/sites/default/files/styles/logo_90x90/public/universidad-de-sonora_592560cf2aeae70239af5139_medium_0.jpg","null","null","/node/296853","http://www.uson.mx","Public","Medium","30,078","1,404""null""1"
"3247","Mexico","Universidad Anahuac","null","https://www.topuniversities.com/sites/default/files/styles/logo_90x90/public/universidad-anahuac_592560cf2aeae70239af4a97_medium_0.jpg","null","null","/node/294636","http://www.anahuac.mx/mexico/en","Private","Low","12,063","1,171""267""1"
"3355","Norway","BI Norwegian Business School","null","https://www.topuniversities.com/sites/default/files/styles/logo_90x90/public/bi-norwegian-business-school_56_medium_2.jpg","null","null","/node/294600","http://www.bi.edu","Private","Very High","15,348","336""1,565""1"
"3389","Uruguay","Universidad ORT Uruguay","null","https://www.topuniversities.com/sites/default/files/styles/logo_90x90/public/universidad-ort-uruguay_470_medium_1.jpg","null","null","/node/297637","http://www.ort.edu.uy","Private","Medium","3,602","683""55""1"
"3544","Guatemala","Universidad del Valle de Guatemala (UVG)","null","https://www.topuniversities.com/sites/default/files/styles/logo_90x90/public/universidad-del-valle-de-guatemala-uvg_592560cf2aeae70239af54f1_medium.jpg","null","null","/node/293477","http://www.uvg.edu.gt","Private","Medium","3,207","204""53""1"
"3706","France","IESA","null","https://www.topuniversities.com/sites/default/files/styles/logo_90x90/public/iesa_592560ea9988f300e2322848_medium.jpg","null","null","/node/356477","https://goo.gl/iOUo6z","null","null","null","null""null""1"
"3729","France","L'Ecole de design Nantes Atlantique","null","https://www.topuniversities.com/sites/default/files/styles/logo_90x90/public/lecole-de-design-nantes-atlantique_2342_medium_0.jpg","null","null","/node/295301","http://en.lecolededesign.com","null","null","null","null""null""1"
"3720","France","Montpellier Business School","null","https://www.topuniversities.com/sites/default/files/styles/logo_90x90/public/montpellier-business-school_592560e99988f300e2322502_medium.jpg","null","null","/node/373487","http://www.montpellier-bs.com/international/","null","null","null","null""null""1"
"3710","France","KEDGE Business School","null","https://www.topuniversities.com/sites/default/files/styles/logo_90x90/public/kedge-business-school_592560e19988f300e2320ed3_medium_0.jpg","null","null","/node/374073","https://student.kedge.edu/?&utm_source=QS&utm_medium=Partner&utm_campaign=Profile%3F","null","null","null","null""null""1"
"3711","France","ESCP Europe","null","https://www.topuniversities.com/sites/default/files/styles/logo_90x90/public/escp-europe_592560cf2aeae70239af4b44_medium.jpg","null","null","/node/294449","http://www.escpeurope.eu/","Private","Medium","4,244","130""1,978""1"
"3738","France","BSB - Burgundy School of Business","null","https://www.topuniversities.com/sites/default/files/styles/logo_90x90/public/bsb-burgundy-school-of-business_592560cf2aeae70239af4f91_medium_3.jpg","null","null","/node/296628","http://www.bsbu.eu/","null","null","null","null""null""1"
"4030","France","BSB - Burgundy School of Business","null","https://www.topuniversities.com/sites/default/files/styles/logo_90x90/public/bsb-burgundy-school-of-business_592560cf2aeae70239af57d7_medium.jpg","null","null","/node/374158","http://www.bsbu.eu/","null","null","null","null""null""1"
"4207","Netherlands","Erasmus University Rotterdam","null","https://www.topuniversities.com/sites/default/files/styles/logo_90x90/public/erasmus-university-rotterdam_190_medium_2.jpg","null","null","/node/294457","http://www.eur.nl/english/?utm_source=QShome&utm_medium=Paid&utm_campaign=EURrankings","Public","Very High","23,273","2,011""5,229""1"
"4216","Netherlands","Erasmus School of Economics","null","https://www.topuniversities.com/sites/default/files/styles/logo_90x90/public/erasmus-school-of-economics-erasmus-university-rotterdam_592560cf2aeae70239af5a8d_medium_0.jpg","null","null","/node/376456","http://www.eur.nl/en/ese/","null","null","null","null""null""1"
"4225","Netherlands","Vrije Universiteit Amsterdam","null","https://www.topuniversities.com/sites/default/files/styles/logo_90x90/public/vrije-universiteit-amsterdam_658_medium_3.jpg","null","null","/node/297203","http://www.vuamsterdam.com","Public","Very High","23,278","2,095""1,805""1"
"4279","Netherlands","Leiden University","null","https://www.topuniversities.com/sites/default/files/styles/logo_90x90/public/leiden-university_340_medium_2.jpg","null","null","/node/294071","http://www.universiteitleiden.nl","Public","Very High","26,513","2,324""3,488""1"
"4243","Netherlands","Utrecht University","null","https://www.topuniversities.com/sites/default/files/styles/logo_90x90/public/utrecht-university_646_medium_0.jpg","null","null","/node/297215","https://www.uu.nl/en?utm_source=topuniversities.com&utm_campaign=uu.dcm.int.master.general&utm_medium=cpc&utm_term=university-website-english","Public","Very High","31,754","3,067""2,771""1"
"4270","Netherlands","University of Amsterdam","null","https://www.topuniversities.com/sites/default/files/styles/logo_90x90/public/university-of-amsterdam_18_medium_1.jpg","null","null","/node/297816","https://www.uva.nl/en","Public","Very High","25,967","2,600""3,785""1"
"4261","Netherlands","Radboud University","null","https://www.topuniversities.com/sites/default/files/styles/logo_90x90/public/radboud-university_452_medium_1.jpg","null","null","/node/294777","http://www.ru.nl/education","Public","Very High","20,958","2,325""3,133""1"
"4234","Netherlands","University of Twente","null","https://www.topuniversities.com/sites/default/files/styles/logo_90x90/public/university-of-twente_635_medium_1.jpg","null","null","/node/297226","https://www.utwente.nl/en/education/","Public","Very High","9,332","910""2,235""1"
"4491","Canada","Université de Montréal","null","https://www.topuniversities.com/sites/default/files/styles/logo_90x90/public/universit-de-montral_417_medium.jpg","null","null","/node/294843","http://admission.umontreal.ca/english/","Public","Very High","39,112","2,961""9,688""1"
"4500","Canada","York University","null","https://www.topuniversities.com/sites/default/files/styles/logo_90x90/public/york-university_690_medium_3.jpg","null","null","/node/297127","http://www.yorku.ca","Public","Very High","40,325","2,357""8,932""1"
"4428","Canada","McMaster University","null","https://www.topuniversities.com/sites/default/files/styles/logo_90x90/public/mcmaster-university_397_medium_1.jpg","null","null","/node/294863","http://www.mcmaster.ca","Public","Very High","23,702","3,231""3,548""1"
"4455","Canada","University of the Fraser Valley","null","https://www.topuniversities.com/sites/default/files/styles/logo_90x90/public/university-of-the-fraser-valley_592560e99988f300e23225e0_medium.jpg","null","null","/node/354441","http://international.ufv.ca/","null","null","null","null""null""1"
"4464","Canada","Concordia University","null","https://www.topuniversities.com/sites/default/files/styles/logo_90x90/public/concordia-university_139_medium_1.jpg","null","null","/node/294518","https://www.concordia.ca/","Public","Very High","31,324","1,329""8,729""1"
"4473","Canada","University of Guelph","null","https://www.topuniversities.com/sites/default/files/styles/logo_90x90/public/university-of-guelph_1756_medium_2.jpg","null","null","/node/296894","http://www.uoguelph.ca","Public","Very High","21,523","1,082""1,750""1"
"4446","Canada","Emily Carr University of Art + Design","null","https://www.topuniversities.com/sites/default/files/styles/logo_90x90/public/emily-carr-university-of-art-design_592560cf2aeae70239af57e4_medium_1.jpg","null","null","/node/293927","http://www.ecuad.ca","null","null","null","null""null""1"
"4611","United Kingdom","ESCP Europe - London","null","https://www.topuniversities.com/sites/default/files/styles/logo_90x90/public/escp-europe-london_1891_medium.jpg","null","null","/node/296109","http://www.escpeurope.com/campus/london/","null","null","null","null""null""1"
"4581","United Kingdom","Newcastle University Business School","null","https://www.topuniversities.com/sites/default/files/styles/logo_90x90/public/newcastle-university-business-school_592560cf2aeae70239af569e_medium.jpg","null","null","/node/296186","https://ad.doubleclick.net/ddm/clk/409562373;209836325;m","null","null","null","null""null""1"
"4620","United Kingdom","University of Essex","null","https://www.topuniversities.com/sites/default/files/styles/logo_90x90/public/university-of-essex_200_medium_1.jpg","null","null","/node/294434","http://www.essex.ac.uk/?utm_source=crm&utm_medium=email&utm_content=listing-QS-homepage&utm_campaign=Essex18UG","Public","High","12,720","982""5,600""1"
"4582","United Kingdom","Warwick Business School","null","https://www.topuniversities.com/sites/default/files/styles/logo_90x90/public/warwick-business-school_592560cf2aeae70239af5573_medium.jpg","null","null","/node/296277","http://www.wbs.ac.uk/courses/postgraduate/","null","null","null","null""null""1"
"4638","United Kingdom","Nottingham Business School","null","https://www.topuniversities.com/sites/default/files/styles/logo_90x90/public/nottingham-business-school-nottingham-trent-university_14412_medium.jpg","null","null","/node/296141","http://www.ntu.ac.uk/nbs","null","null","null","null""null""1"
"4593","United Kingdom","Loughborough University - School of Business and Economics","null","https://www.topuniversities.com/sites/default/files/styles/logo_90x90/public/business-school_3481_medium.jpg","null","null","/node/304722","http://www.lboro.ac.uk/sbe/pg","null","null","null","null""null""1"
"4665","United Kingdom","University of Derby","null","https://www.topuniversities.com/sites/default/files/styles/logo_90x90/public/university-of-derby_707_medium.jpg","null","null","/node/297360","http://www.derby.ac.uk/international/","null","null","null","null""null""1"
"4701","United Kingdom","London South Bank University","null","https://www.topuniversities.com/sites/default/files/styles/logo_90x90/public/london-south-bank-university_592560cf2aeae70239af50e3_medium_0.jpg","null","null","/node/297533","http://www.lsbu.ac.uk/?utm_medium=Profile&utm_source=Topuniversities&utm_content=homepage&utm_term=HELM&utm_campaign=18BrandHL","null","null","10,689","727""3,579""1"
"4764","United Kingdom","City, University of London","null","https://www.topuniversities.com/sites/default/files/styles/logo_90x90/public/city-university-of-london_354_medium_1.jpg","null","null","/node/294034","https://www.city.ac.uk/?utm_source=topuniversities&utm_medium=profile&utm_campaign=PG2018&utm_content=overview%20tab%20website%20button","Public","High","13,808","863""6,958""1"
"4872","United Kingdom","University of the Arts London","null","https://www.topuniversities.com/sites/default/files/styles/logo_90x90/public/university-of-the-arts-london_1646_medium_1.jpg","null","null","/node/296380","http://www.arts.ac.uk?utm_source=qs&utm_medium=courselisting&utm_campaign=referralsites","Public","High","null","null""null""1"
"4746","United Kingdom","Birkbeck, University of London","null","https://www.topuniversities.com/sites/default/files/styles/logo_90x90/public/birkbeck-university-of-london_1636_medium.jpg","null","null","/node/297511","http://www.bbk.ac.uk","Public","Very High","6,870","620""2,702""1"
"4674","United Kingdom","Westminster Business School","null","https://www.topuniversities.com/sites/default/files/styles/logo_90x90/public/westminster-business-school-university-of-westminster_13569_medium_0.jpg","null","null","/node/295400","http://www.westminster.ac.uk/wbs","null","null","null","null""null""1"
"4773","United Kingdom","The University of Warwick","null","https://www.topuniversities.com/sites/default/files/styles/logo_90x90/public/the-university-of-warwick_664_medium_1.jpg","null","null","/node/297197","http://www.warwick.ac.uk","Public","Very High","19,855","2,093""7,703""1"
"4728","United Kingdom","The University of Manchester","null","https://www.topuniversities.com/sites/default/files/styles/logo_90x90/public/the-university-of-manchester_389_medium_0.jpg","null","null","/node/294871","http://www.manchester.ac.uk","Public","Very High","36,670","4,910""13,514""1"
"4782","United Kingdom","Middlesex University","null","","null","null","/node/294856","http://www.mdx.ac.uk","Public","High","16,146","847""2,455""1"
"4737","United Kingdom","Lancaster University Management School","null","https://www.topuniversities.com/sites/default/files/styles/logo_90x90/public/lancaster-university-management-school_5190_medium.jpg","null","null","/node/296244","http://www.lancaster.ac.uk/lums","null","null","null","null""null""1"
"4719","United Kingdom","University of Bristol","null","https://www.topuniversities.com/sites/default/files/styles/logo_90x90/public/university-of-bristol_69_medium_5.jpg","null","null","/node/294587","http://www.bristol.ac.uk","Public","Very High","20,630","2,870""5,099""1"
"4791","United Kingdom","Newcastle University","null","https://www.topuniversities.com/sites/default/files/styles/logo_90x90/public/newcastle-university_450_medium_2.jpg","null","null","/node/294781","http://www.ncl.ac.uk?utm_source=referral-topuniversities&utm_medium=profile&utm_content=uni-hp&utm_campaign=PG3PL-topuniversities","Public","Very High","21,673","2,428""5,717""1"
"4800","United Kingdom","University of Stirling","null","https://www.topuniversities.com/sites/default/files/styles/logo_90x90/public/university-of-stirling_575_medium_2.jpg","null","null","/node/297280","https://www.stir.ac.uk/?utm_source=TopUnviersities&utm_medium=Profile&utm_campaign=QS17","Public","Very High","8,805","660""1,764""1"
