Country Name,Course Lavel,University Name,Course,Ranking
Costa Rica,Undergraduate,Accounting and Finance,ULACIT - Universidad Latinoame ...,#701+ QS World University Rankings 2018
Costa Rica,Undergraduate,Accounting and Finance,,
Costa Rica,Undergraduate,Accounting and Finance,,
Costa Rica,Undergraduate,Accounting and Finance,,
Costa Rica,Undergraduate,Accounting and Finance,,
Costa Rica,Undergraduate,Accounting and Finance,,
Costa Rica,Undergraduate,Accounting and Finance,,
Costa Rica,Undergraduate,Accounting and Finance,,
Costa Rica,Undergraduate,Accounting and Finance,,
Costa Rica,Undergraduate,Accounting and Finance,Universidad Latina de Costa Rica,
Costa Rica,Undergraduate,Accounting and Finance,,
Costa Rica,Undergraduate,Accounting and Finance,,
Costa Rica,Undergraduate,Accounting and Finance,,
Costa Rica,Undergraduate,Accounting and Finance,,
Costa Rica,Undergraduate,Accounting and Finance,,
Costa Rica,Undergraduate,Accounting and Finance,,
Costa Rica,Undergraduate,Accounting and Finance,,
Costa Rica,Undergraduate,Accounting and Finance,,
Costa Rica,Undergraduate,Accounting and Finance,Universidad Hispanoamericana- ...,
Costa Rica,Undergraduate,Agriculture & Forestry,Universidad de Costa Rica,#411-420 QS World University Rankings 2018
Costa Rica,Undergraduate,Anthropology,Universidad de Costa Rica,#411-420 QS World University Rankings 2018
Costa Rica,Undergraduate,Archaeology,Universidad de Costa Rica,#411-420 QS World University Rankings 2018
Costa Rica,Undergraduate,Architecture,Universidad Latina de Costa Rica,
Costa Rica,Undergraduate,Architecture,,
Costa Rica,Undergraduate,Architecture,,
Costa Rica,Undergraduate,Architecture,,
Costa Rica,Undergraduate,Architecture,,
Costa Rica,Undergraduate,Architecture,,
Costa Rica,Undergraduate,Architecture,,
Costa Rica,Undergraduate,Architecture,,
Costa Rica,Undergraduate,Architecture,,
Costa Rica,Undergraduate,Architecture,Universidad de Costa Rica,#411-420 QS World University Rankings 2018
Costa Rica,Undergraduate,Architecture,Universidad Hispanoamericana- ...,
Costa Rica,Undergraduate,Area Studies,Universidad Para La Paz,
Costa Rica,Undergraduate,Art & Design,Universidad Latina de Costa Rica,
Costa Rica,Undergraduate,Art & Design,,
Costa Rica,Undergraduate,Art & Design,,
Costa Rica,Undergraduate,Art & Design,,
Costa Rica,Undergraduate,Art & Design,,
Costa Rica,Undergraduate,Art & Design,,
Costa Rica,Undergraduate,Art & Design,,
Costa Rica,Undergraduate,Art & Design,,
Costa Rica,Undergraduate,Art & Design,,
Costa Rica,Undergraduate,Art & Design,Universidad Hispanoamericana- ...,
Costa Rica,Undergraduate,Biological Sciences,Universidad Latina de Costa Rica,
Costa Rica,Undergraduate,Biological Sciences,,
Costa Rica,Undergraduate,Biological Sciences,,
Costa Rica,Undergraduate,Biological Sciences,,
Costa Rica,Undergraduate,Biological Sciences,,
Costa Rica,Undergraduate,Biological Sciences,,
Costa Rica,Undergraduate,Biological Sciences,,
Costa Rica,Undergraduate,Biological Sciences,,
Costa Rica,Undergraduate,Biological Sciences,,
Costa Rica,Undergraduate,Biological Sciences,Universidad de Costa Rica,#411-420 QS World University Rankings 2018
Costa Rica,Undergraduate,Built Environment,Universidad Para La Paz,
Costa Rica,Undergraduate,Built Environment,Universidad para la Cooperacio ...,
Costa Rica,Undergraduate,Business & Management Studies,Universidad Latina de Costa Rica,
Costa Rica,Undergraduate,Business & Management Studies,,
Costa Rica,Undergraduate,Business & Management Studies,,
Costa Rica,Undergraduate,Business & Management Studies,,
Costa Rica,Undergraduate,Business & Management Studies,,
Costa Rica,Undergraduate,Business & Management Studies,,
Costa Rica,Undergraduate,Business & Management Studies,,
Costa Rica,Undergraduate,Business & Management Studies,,
Costa Rica,Undergraduate,Business & Management Studies,,
Costa Rica,Undergraduate,Business & Management Studies,ULACIT - Universidad Latinoame ...,#701+ QS World University Rankings 2018
Costa Rica,Undergraduate,Business & Management Studies,,
Costa Rica,Undergraduate,Business & Management Studies,,
Costa Rica,Undergraduate,Business & Management Studies,,
Costa Rica,Undergraduate,Business & Management Studies,,
Costa Rica,Undergraduate,Business & Management Studies,,
Costa Rica,Undergraduate,Business & Management Studies,,
Costa Rica,Undergraduate,Business & Management Studies,,
Costa Rica,Undergraduate,Business & Management Studies,,
Costa Rica,Undergraduate,Business & Management Studies,Universidad de Costa Rica,#411-420 QS World University Rankings 2018
Costa Rica,Undergraduate,Business & Management Studies,Universidad Hispanoamericana- ...,
Costa Rica,Undergraduate,Business & Management Studies,Universidad para la Cooperacio ...,
Costa Rica,Undergraduate,Communication and Media Studies,ULACIT - Universidad Latinoame ...,#701+ QS World University Rankings 2018
Costa Rica,Undergraduate,Communication and Media Studies,,
Costa Rica,Undergraduate,Communication and Media Studies,,
Costa Rica,Undergraduate,Communication and Media Studies,,
Costa Rica,Undergraduate,Communication and Media Studies,,
Costa Rica,Undergraduate,Communication and Media Studies,,
Costa Rica,Undergraduate,Communication and Media Studies,,
Costa Rica,Undergraduate,Communication and Media Studies,,
Costa Rica,Undergraduate,Communication and Media Studies,,
Costa Rica,Undergraduate,Communication and Media Studies,Universidad Latina de Costa Rica,
Costa Rica,Undergraduate,Communication and Media Studies,,
Costa Rica,Undergraduate,Communication and Media Studies,,
Costa Rica,Undergraduate,Communication and Media Studies,,
Costa Rica,Undergraduate,Communication and Media Studies,,
Costa Rica,Undergraduate,Communication and Media Studies,,
Costa Rica,Undergraduate,Communication and Media Studies,,
Costa Rica,Undergraduate,Communication and Media Studies,,
Costa Rica,Undergraduate,Communication and Media Studies,,
Costa Rica,Undergraduate,Communication and Media Studies,Universidad de Costa Rica,#411-420 QS World University Rankings 2018
Costa Rica,Undergraduate,Communication and Media Studies,Universidad Para La Paz,
Costa Rica,Undergraduate,Computer Science and Information Systems,ULACIT - Universidad Latinoame ...,#701+ QS World University Rankings 2018
Costa Rica,Undergraduate,Computer Science and Information Systems,,
Costa Rica,Undergraduate,Computer Science and Information Systems,,
Costa Rica,Undergraduate,Computer Science and Information Systems,,
Costa Rica,Undergraduate,Computer Science and Information Systems,,
Costa Rica,Undergraduate,Computer Science and Information Systems,,
Costa Rica,Undergraduate,Computer Science and Information Systems,,
Costa Rica,Undergraduate,Computer Science and Information Systems,,
Costa Rica,Undergraduate,Computer Science and Information Systems,,
Costa Rica,Undergraduate,Computer Science and Information Systems,Universidad Latina de Costa Rica,
Costa Rica,Undergraduate,Computer Science and Information Systems,,
Costa Rica,Undergraduate,Computer Science and Information Systems,,
Costa Rica,Undergraduate,Computer Science and Information Systems,,
Costa Rica,Undergraduate,Computer Science and Information Systems,,
Costa Rica,Undergraduate,Computer Science and Information Systems,,
Costa Rica,Undergraduate,Computer Science and Information Systems,,
Costa Rica,Undergraduate,Computer Science and Information Systems,,
Costa Rica,Undergraduate,Computer Science and Information Systems,,
Costa Rica,Undergraduate,Computer Science and Information Systems,Universidad de Costa Rica,#411-420 QS World University Rankings 2018
Costa Rica,Undergraduate,Computer Science and Information Systems,Universidad para la Cooperacio ...,
Costa Rica,Undergraduate,Computer Science and Information Systems,Universidad Catolica de Costa Rica,
Costa Rica,Undergraduate,Computer Science and Information Systems,Universidad Hispanoamericana- ...,
Costa Rica,Undergraduate,Dentistry,ULACIT - Universidad Latinoame ...,#701+ QS World University Rankings 2018
Costa Rica,Undergraduate,Dentistry,,
Costa Rica,Undergraduate,Dentistry,,
Costa Rica,Undergraduate,Dentistry,,
Costa Rica,Undergraduate,Dentistry,,
Costa Rica,Undergraduate,Dentistry,,
Costa Rica,Undergraduate,Dentistry,,
Costa Rica,Undergraduate,Dentistry,,
Costa Rica,Undergraduate,Dentistry,,
Costa Rica,Undergraduate,Dentistry,Universidad Latina de Costa Rica,
Costa Rica,Undergraduate,Dentistry,,
Costa Rica,Undergraduate,Dentistry,,
Costa Rica,Undergraduate,Dentistry,,
Costa Rica,Undergraduate,Dentistry,,
Costa Rica,Undergraduate,Dentistry,,
Costa Rica,Undergraduate,Dentistry,,
Costa Rica,Undergraduate,Dentistry,,
Costa Rica,Undergraduate,Dentistry,,
Costa Rica,Undergraduate,Dentistry,Universidad de Costa Rica,#411-420 QS World University Rankings 2018
Costa Rica,Undergraduate,Development Studies,Universidad Latina de Costa Rica,
Costa Rica,Undergraduate,Development Studies,,
Costa Rica,Undergraduate,Development Studies,,
Costa Rica,Undergraduate,Development Studies,,
Costa Rica,Undergraduate,Development Studies,,
Costa Rica,Undergraduate,Development Studies,,
Costa Rica,Undergraduate,Development Studies,,
Costa Rica,Undergraduate,Development Studies,,
Costa Rica,Undergraduate,Development Studies,,
Costa Rica,Undergraduate,Earth and Marine Sciences,Universidad Para La Paz,
Costa Rica,Undergraduate,Economics and Econometrics,Universidad de Costa Rica,#411-420 QS World University Rankings 2018
Costa Rica,Undergraduate,Economics and Econometrics,Universidad para la Cooperacio ...,
Costa Rica,Undergraduate,Education and Training,ULACIT - Universidad Latinoame ...,#701+ QS World University Rankings 2018
Costa Rica,Undergraduate,Education and Training,,
Costa Rica,Undergraduate,Education and Training,,
Costa Rica,Undergraduate,Education and Training,,
Costa Rica,Undergraduate,Education and Training,,
Costa Rica,Undergraduate,Education and Training,,
Costa Rica,Undergraduate,Education and Training,,
Costa Rica,Undergraduate,Education and Training,,
Costa Rica,Undergraduate,Education and Training,,
Costa Rica,Undergraduate,Education and Training,Universidad Latina de Costa Rica,
Costa Rica,Undergraduate,Education and Training,,
Costa Rica,Undergraduate,Education and Training,,
Costa Rica,Undergraduate,Education and Training,,
Costa Rica,Undergraduate,Education and Training,,
Costa Rica,Undergraduate,Education and Training,,
Costa Rica,Undergraduate,Education and Training,,
Costa Rica,Undergraduate,Education and Training,,
Costa Rica,Undergraduate,Education and Training,,
Costa Rica,Undergraduate,Education and Training,Universidad Catolica de Costa Rica,
Costa Rica,Undergraduate,Education and Training,Universidad Hispanoamericana- ...,
Costa Rica,Undergraduate,Engineering - Aeronautical,Universidad de Costa Rica,#411-420 QS World University Rankings 2018
Costa Rica,Undergraduate,Engineering - Chemical,ULACIT - Universidad Latinoame ...,#701+ QS World University Rankings 2018
Costa Rica,Undergraduate,Engineering - Chemical,,
Costa Rica,Undergraduate,Engineering - Chemical,,
Costa Rica,Undergraduate,Engineering - Chemical,,
Costa Rica,Undergraduate,Engineering - Chemical,,
Costa Rica,Undergraduate,Engineering - Chemical,,
Costa Rica,Undergraduate,Engineering - Chemical,,
Costa Rica,Undergraduate,Engineering - Chemical,,
Costa Rica,Undergraduate,Engineering - Chemical,,
Costa Rica,Undergraduate,Engineering - Chemical,Universidad de Costa Rica,#411-420 QS World University Rankings 2018
Costa Rica,Undergraduate,Engineering - Civil and Structural,Universidad de Costa Rica,#411-420 QS World University Rankings 2018
Costa Rica,Undergraduate,Engineering - Electrical and Electronic,ULACIT - Universidad Latinoame ...,#701+ QS World University Rankings 2018
Costa Rica,Undergraduate,Engineering - Electrical and Electronic,,
Costa Rica,Undergraduate,Engineering - Electrical and Electronic,,
Costa Rica,Undergraduate,Engineering - Electrical and Electronic,,
Costa Rica,Undergraduate,Engineering - Electrical and Electronic,,
Costa Rica,Undergraduate,Engineering - Electrical and Electronic,,
Costa Rica,Undergraduate,Engineering - Electrical and Electronic,,
Costa Rica,Undergraduate,Engineering - Electrical and Electronic,,
Costa Rica,Undergraduate,Engineering - Electrical and Electronic,,
Costa Rica,Undergraduate,Engineering - Electrical and Electronic,Universidad Latina de Costa Rica,
Costa Rica,Undergraduate,Engineering - Electrical and Electronic,,
Costa Rica,Undergraduate,Engineering - Electrical and Electronic,,
Costa Rica,Undergraduate,Engineering - Electrical and Electronic,,
Costa Rica,Undergraduate,Engineering - Electrical and Electronic,,
Costa Rica,Undergraduate,Engineering - Electrical and Electronic,,
Costa Rica,Undergraduate,Engineering - Electrical and Electronic,,
Costa Rica,Undergraduate,Engineering - Electrical and Electronic,,
Costa Rica,Undergraduate,Engineering - Electrical and Electronic,,
Costa Rica,Undergraduate,Engineering - Electrical and Electronic,Universidad de Costa Rica,#411-420 QS World University Rankings 2018
Costa Rica,Undergraduate,Engineering - General,ULACIT - Universidad Latinoame ...,#701+ QS World University Rankings 2018
Costa Rica,Undergraduate,Engineering - General,,
Costa Rica,Undergraduate,Engineering - General,,
Costa Rica,Undergraduate,Engineering - General,,
Costa Rica,Undergraduate,Engineering - General,,
Costa Rica,Undergraduate,Engineering - General,,
Costa Rica,Undergraduate,Engineering - General,,
Costa Rica,Undergraduate,Engineering - General,,
Costa Rica,Undergraduate,Engineering - General,,
Costa Rica,Undergraduate,Engineering - General,Universidad Hispanoamericana- ...,
Costa Rica,Undergraduate,Engineering - Manufacturing & Production,ULACIT - Universidad Latinoame ...,#701+ QS World University Rankings 2018
Costa Rica,Undergraduate,Engineering - Manufacturing & Production,,
Costa Rica,Undergraduate,Engineering - Manufacturing & Production,,
Costa Rica,Undergraduate,Engineering - Manufacturing & Production,,
Costa Rica,Undergraduate,Engineering - Manufacturing & Production,,
Costa Rica,Undergraduate,Engineering - Manufacturing & Production,,
Costa Rica,Undergraduate,Engineering - Manufacturing & Production,,
Costa Rica,Undergraduate,Engineering - Manufacturing & Production,,
Costa Rica,Undergraduate,Engineering - Manufacturing & Production,,
Costa Rica,Undergraduate,Engineering - Manufacturing & Production,Universidad de Costa Rica,#411-420 QS World University Rankings 2018
Costa Rica,Undergraduate,Engineering - Mechanical,Universidad de Costa Rica,#411-420 QS World University Rankings 2018
Costa Rica,Undergraduate,English Language and Literature,Universidad de Costa Rica,#411-420 QS World University Rankings 2018
Costa Rica,Undergraduate,Environmental Studies,Universidad Para La Paz,
Costa Rica,Undergraduate,Ethnicity, Gender and Diversity,Universidad de Costa Rica,#411-420 QS World University Rankings 2018
Costa Rica,Undergraduate,Ethnicity, Gender and Diversity,Universidad Para La Paz,
Costa Rica,Undergraduate,Finance,ULACIT - Universidad Latinoame ...,#701+ QS World University Rankings 2018
Costa Rica,Undergraduate,Finance,,
Costa Rica,Undergraduate,Finance,,
Costa Rica,Undergraduate,Finance,,
Costa Rica,Undergraduate,Finance,,
Costa Rica,Undergraduate,Finance,,
Costa Rica,Undergraduate,Finance,,
Costa Rica,Undergraduate,Finance,,
Costa Rica,Undergraduate,Finance,,
Costa Rica,Undergraduate,Finance,Universidad Latina de Costa Rica,
Costa Rica,Undergraduate,Finance,,
Costa Rica,Undergraduate,Finance,,
Costa Rica,Undergraduate,Finance,,
Costa Rica,Undergraduate,Finance,,
Costa Rica,Undergraduate,Finance,,
Costa Rica,Undergraduate,Finance,,
Costa Rica,Undergraduate,Finance,,
Costa Rica,Undergraduate,Finance,,
Costa Rica,Undergraduate,Geography,Universidad de Costa Rica,#411-420 QS World University Rankings 2018
Costa Rica,Undergraduate,Human Resources Management,ULACIT - Universidad Latinoame ...,#701+ QS World University Rankings 2018
Costa Rica,Undergraduate,Human Resources Management,,
Costa Rica,Undergraduate,Human Resources Management,,
Costa Rica,Undergraduate,Human Resources Management,,
Costa Rica,Undergraduate,Human Resources Management,,
Costa Rica,Undergraduate,Human Resources Management,,
Costa Rica,Undergraduate,Human Resources Management,,
Costa Rica,Undergraduate,Human Resources Management,,
Costa Rica,Undergraduate,Human Resources Management,,
Costa Rica,Undergraduate,Human Resources Management,Universidad Latina de Costa Rica,
Costa Rica,Undergraduate,Human Resources Management,,
Costa Rica,Undergraduate,Human Resources Management,,
Costa Rica,Undergraduate,Human Resources Management,,
Costa Rica,Undergraduate,Human Resources Management,,
Costa Rica,Undergraduate,Human Resources Management,,
Costa Rica,Undergraduate,Human Resources Management,,
Costa Rica,Undergraduate,Human Resources Management,,
Costa Rica,Undergraduate,Human Resources Management,,
Costa Rica,Undergraduate,Human Resources Management,Universidad Hispanoamericana- ...,
Costa Rica,Undergraduate,International Relations/Studies/Affairs,Universidad Latina de Costa Rica,
Costa Rica,Undergraduate,International Relations/Studies/Affairs,,
Costa Rica,Undergraduate,International Relations/Studies/Affairs,,
Costa Rica,Undergraduate,International Relations/Studies/Affairs,,
Costa Rica,Undergraduate,International Relations/Studies/Affairs,,
Costa Rica,Undergraduate,International Relations/Studies/Affairs,,
Costa Rica,Undergraduate,International Relations/Studies/Affairs,,
Costa Rica,Undergraduate,International Relations/Studies/Affairs,,
Costa Rica,Undergraduate,International Relations/Studies/Affairs,,
Costa Rica,Undergraduate,International Relations/Studies/Affairs,ULACIT - Universidad Latinoame ...,#701+ QS World University Rankings 2018
Costa Rica,Undergraduate,International Relations/Studies/Affairs,,
Costa Rica,Undergraduate,International Relations/Studies/Affairs,,
Costa Rica,Undergraduate,International Relations/Studies/Affairs,,
Costa Rica,Undergraduate,International Relations/Studies/Affairs,,
Costa Rica,Undergraduate,International Relations/Studies/Affairs,,
Costa Rica,Undergraduate,International Relations/Studies/Affairs,,
Costa Rica,Undergraduate,International Relations/Studies/Affairs,,
Costa Rica,Undergraduate,International Relations/Studies/Affairs,,
Costa Rica,Undergraduate,International Relations/Studies/Affairs,Universidad Para La Paz,
Costa Rica,Undergraduate,Journalism,Universidad Latina de Costa Rica,
Costa Rica,Undergraduate,Journalism,,
Costa Rica,Undergraduate,Journalism,,
Costa Rica,Undergraduate,Journalism,,
Costa Rica,Undergraduate,Journalism,,
Costa Rica,Undergraduate,Journalism,,
Costa Rica,Undergraduate,Journalism,,
Costa Rica,Undergraduate,Journalism,,
Costa Rica,Undergraduate,Journalism,,
Costa Rica,Undergraduate,Law and Legal Studies,ULACIT - Universidad Latinoame ...,#701+ QS World University Rankings 2018
Costa Rica,Undergraduate,Law and Legal Studies,,
Costa Rica,Undergraduate,Law and Legal Studies,,
Costa Rica,Undergraduate,Law and Legal Studies,,
Costa Rica,Undergraduate,Law and Legal Studies,,
Costa Rica,Undergraduate,Law and Legal Studies,,
Costa Rica,Undergraduate,Law and Legal Studies,,
Costa Rica,Undergraduate,Law and Legal Studies,,
Costa Rica,Undergraduate,Law and Legal Studies,,
Costa Rica,Undergraduate,Law and Legal Studies,Universidad Latina de Costa Rica,
Costa Rica,Undergraduate,Law and Legal Studies,,
Costa Rica,Undergraduate,Law and Legal Studies,,
Costa Rica,Undergraduate,Law and Legal Studies,,
Costa Rica,Undergraduate,Law and Legal Studies,,
Costa Rica,Undergraduate,Law and Legal Studies,,
Costa Rica,Undergraduate,Law and Legal Studies,,
Costa Rica,Undergraduate,Law and Legal Studies,,
Costa Rica,Undergraduate,Law and Legal Studies,,
Costa Rica,Undergraduate,Law and Legal Studies,Universidad para la Cooperacio ...,
Costa Rica,Undergraduate,Law and Legal Studies,Universidad Hispanoamericana- ...,
Costa Rica,Undergraduate,Law and Legal Studies,Universidad Para La Paz,
Costa Rica,Undergraduate,Linguistics,ULACIT - Universidad Latinoame ...,#701+ QS World University Rankings 2018
Costa Rica,Undergraduate,Linguistics,,
Costa Rica,Undergraduate,Linguistics,,
Costa Rica,Undergraduate,Linguistics,,
Costa Rica,Undergraduate,Linguistics,,
Costa Rica,Undergraduate,Linguistics,,
Costa Rica,Undergraduate,Linguistics,,
Costa Rica,Undergraduate,Linguistics,,
Costa Rica,Undergraduate,Linguistics,,
Costa Rica,Undergraduate,Linguistics,Universidad de Costa Rica,#411-420 QS World University Rankings 2018
Costa Rica,Undergraduate,Linguistics,Universidad Hispanoamericana- ...,
Costa Rica,Undergraduate,Logistics / Supply Chain Management,ULACIT - Universidad Latinoame ...,#701+ QS World University Rankings 2018
Costa Rica,Undergraduate,Logistics / Supply Chain Management,,
Costa Rica,Undergraduate,Logistics / Supply Chain Management,,
Costa Rica,Undergraduate,Logistics / Supply Chain Management,,
Costa Rica,Undergraduate,Logistics / Supply Chain Management,,
Costa Rica,Undergraduate,Logistics / Supply Chain Management,,
Costa Rica,Undergraduate,Logistics / Supply Chain Management,,
Costa Rica,Undergraduate,Logistics / Supply Chain Management,,
Costa Rica,Undergraduate,Logistics / Supply Chain Management,,
Costa Rica,Undergraduate,Marketing,Universidad Latina de Costa Rica,
Costa Rica,Undergraduate,Marketing,,
Costa Rica,Undergraduate,Marketing,,
Costa Rica,Undergraduate,Marketing,,
Costa Rica,Undergraduate,Marketing,,
Costa Rica,Undergraduate,Marketing,,
Costa Rica,Undergraduate,Marketing,,
Costa Rica,Undergraduate,Marketing,,
Costa Rica,Undergraduate,Marketing,,
Costa Rica,Undergraduate,Marketing,ULACIT - Universidad Latinoame ...,#701+ QS World University Rankings 2018
Costa Rica,Undergraduate,Marketing,,
Costa Rica,Undergraduate,Marketing,,
Costa Rica,Undergraduate,Marketing,,
Costa Rica,Undergraduate,Marketing,,
Costa Rica,Undergraduate,Marketing,,
Costa Rica,Undergraduate,Marketing,,
Costa Rica,Undergraduate,Marketing,,
Costa Rica,Undergraduate,Marketing,,
Costa Rica,Undergraduate,Marketing,Universidad Hispanoamericana- ...,
Costa Rica,Undergraduate,Mathematics,Universidad de Costa Rica,#411-420 QS World University Rankings 2018
Costa Rica,Undergraduate,Medicine,Universidad Latina de Costa Rica,
Costa Rica,Undergraduate,Medicine,,
Costa Rica,Undergraduate,Medicine,,
Costa Rica,Undergraduate,Medicine,,
Costa Rica,Undergraduate,Medicine,,
Costa Rica,Undergraduate,Medicine,,
Costa Rica,Undergraduate,Medicine,,
Costa Rica,Undergraduate,Medicine,,
Costa Rica,Undergraduate,Medicine,,
Costa Rica,Undergraduate,Medicine,Universidad de Costa Rica,#411-420 QS World University Rankings 2018
Costa Rica,Undergraduate,Medicine,Universidad Hispanoamericana- ...,
Costa Rica,Undergraduate,Medicine Related Studies,Universidad de Costa Rica,#411-420 QS World University Rankings 2018
Costa Rica,Undergraduate,Medicine Related Studies,Universidad Hispanoamericana- ...,
Costa Rica,Undergraduate,Modern Languages,ULACIT - Universidad Latinoame ...,#701+ QS World University Rankings 2018
Costa Rica,Undergraduate,Modern Languages,,
Costa Rica,Undergraduate,Modern Languages,,
Costa Rica,Undergraduate,Modern Languages,,
Costa Rica,Undergraduate,Modern Languages,,
Costa Rica,Undergraduate,Modern Languages,,
Costa Rica,Undergraduate,Modern Languages,,
Costa Rica,Undergraduate,Modern Languages,,
Costa Rica,Undergraduate,Modern Languages,,
Costa Rica,Undergraduate,Modern Languages,Universidad Hispanoamericana- ...,
Costa Rica,Undergraduate,Modern Languages,Instituto Interamericano de Id ...,
Costa Rica,Undergraduate,Nursing,Universidad Latina de Costa Rica,
Costa Rica,Undergraduate,Nursing,,
Costa Rica,Undergraduate,Nursing,,
Costa Rica,Undergraduate,Nursing,,
Costa Rica,Undergraduate,Nursing,,
Costa Rica,Undergraduate,Nursing,,
Costa Rica,Undergraduate,Nursing,,
Costa Rica,Undergraduate,Nursing,,
Costa Rica,Undergraduate,Nursing,,
Costa Rica,Undergraduate,Nursing,Universidad Hispanoamericana- ...,
Costa Rica,Undergraduate,Performing Arts,Universidad de Costa Rica,#411-420 QS World University Rankings 2018
Costa Rica,Undergraduate,Philosophy,Universidad de Costa Rica,#411-420 QS World University Rankings 2018
Costa Rica,Undergraduate,Politics,Universidad de Costa Rica,#411-420 QS World University Rankings 2018
Costa Rica,Undergraduate,Psychology,Universidad Latina de Costa Rica,
Costa Rica,Undergraduate,Psychology,,
Costa Rica,Undergraduate,Psychology,,
Costa Rica,Undergraduate,Psychology,,
Costa Rica,Undergraduate,Psychology,,
Costa Rica,Undergraduate,Psychology,,
Costa Rica,Undergraduate,Psychology,,
Costa Rica,Undergraduate,Psychology,,
Costa Rica,Undergraduate,Psychology,,
Costa Rica,Undergraduate,Psychology,ULACIT - Universidad Latinoame ...,#701+ QS World University Rankings 2018
Costa Rica,Undergraduate,Psychology,,
Costa Rica,Undergraduate,Psychology,,
Costa Rica,Undergraduate,Psychology,,
Costa Rica,Undergraduate,Psychology,,
Costa Rica,Undergraduate,Psychology,,
Costa Rica,Undergraduate,Psychology,,
Costa Rica,Undergraduate,Psychology,,
Costa Rica,Undergraduate,Psychology,,
Costa Rica,Undergraduate,Psychology,Universidad de Costa Rica,#411-420 QS World University Rankings 2018
Costa Rica,Undergraduate,Psychology,Universidad Hispanoamericana- ...,
Costa Rica,Undergraduate,Psychology,Universidad Catolica de Costa Rica,
Costa Rica,Undergraduate,Public Policy,Universidad de Costa Rica,#411-420 QS World University Rankings 2018
Costa Rica,Undergraduate,Public Policy,Universidad Para La Paz,
Costa Rica,Undergraduate,Sociology,Universidad de Costa Rica,#411-420 QS World University Rankings 2018
Costa Rica,Undergraduate,Sociology,Universidad Hispanoamericana- ...,
Costa Rica,Undergraduate,Sports-related Courses,Universidad de Costa Rica,#411-420 QS World University Rankings 2018
Costa Rica,Undergraduate,Urban Planning,Universidad Para La Paz,
Costa Rica,Postgraduate,Accounting and Finance,Universidad Latina de Costa Rica,
Costa Rica,Postgraduate,Accounting and Finance,,
Costa Rica,Postgraduate,Accounting and Finance,,
Costa Rica,Postgraduate,Accounting and Finance,,
Costa Rica,Postgraduate,Accounting and Finance,,
Costa Rica,Postgraduate,Accounting and Finance,,
Costa Rica,Postgraduate,Accounting and Finance,,
Costa Rica,Postgraduate,Accounting and Finance,,
Costa Rica,Postgraduate,Accounting and Finance,,
Costa Rica,Postgraduate,Accounting and Finance,ULACIT - Universidad Latinoame ...,#701+ QS World University Rankings 2018
Costa Rica,Postgraduate,Accounting and Finance,,
Costa Rica,Postgraduate,Accounting and Finance,,
Costa Rica,Postgraduate,Accounting and Finance,,
Costa Rica,Postgraduate,Accounting and Finance,,
Costa Rica,Postgraduate,Accounting and Finance,,
Costa Rica,Postgraduate,Accounting and Finance,,
Costa Rica,Postgraduate,Accounting and Finance,,
Costa Rica,Postgraduate,Accounting and Finance,,
Costa Rica,Postgraduate,Accounting and Finance,Universidad Hispanoamericana- ...,
Costa Rica,Postgraduate,Agriculture & Forestry,Universidad de Costa Rica,#411-420 QS World University Rankings 2018
Costa Rica,Postgraduate,Anthropology,Universidad de Costa Rica,#411-420 QS World University Rankings 2018
Costa Rica,Postgraduate,Archaeology,Universidad de Costa Rica,#411-420 QS World University Rankings 2018
Costa Rica,Postgraduate,Architecture,Universidad Latina de Costa Rica,
Costa Rica,Postgraduate,Architecture,,
Costa Rica,Postgraduate,Architecture,,
Costa Rica,Postgraduate,Architecture,,
Costa Rica,Postgraduate,Architecture,,
Costa Rica,Postgraduate,Architecture,,
Costa Rica,Postgraduate,Architecture,,
Costa Rica,Postgraduate,Architecture,,
Costa Rica,Postgraduate,Architecture,,
Costa Rica,Postgraduate,Architecture,Universidad de Costa Rica,#411-420 QS World University Rankings 2018
Costa Rica,Postgraduate,Architecture,Universidad Hispanoamericana- ...,
Costa Rica,Postgraduate,Area Studies,Universidad Para La Paz,
Costa Rica,Postgraduate,Art & Design,Universidad Latina de Costa Rica,
Costa Rica,Postgraduate,Art & Design,,
Costa Rica,Postgraduate,Art & Design,,
Costa Rica,Postgraduate,Art & Design,,
Costa Rica,Postgraduate,Art & Design,,
Costa Rica,Postgraduate,Art & Design,,
Costa Rica,Postgraduate,Art & Design,,
Costa Rica,Postgraduate,Art & Design,,
Costa Rica,Postgraduate,Art & Design,,
Costa Rica,Postgraduate,Art & Design,Universidad Hispanoamericana- ...,
Costa Rica,Postgraduate,Biological Sciences,Universidad Latina de Costa Rica,
Costa Rica,Postgraduate,Biological Sciences,,
Costa Rica,Postgraduate,Biological Sciences,,
Costa Rica,Postgraduate,Biological Sciences,,
Costa Rica,Postgraduate,Biological Sciences,,
Costa Rica,Postgraduate,Biological Sciences,,
Costa Rica,Postgraduate,Biological Sciences,,
Costa Rica,Postgraduate,Biological Sciences,,
Costa Rica,Postgraduate,Biological Sciences,,
Costa Rica,Postgraduate,Biological Sciences,Universidad de Costa Rica,#411-420 QS World University Rankings 2018
Costa Rica,Postgraduate,Built Environment,Universidad para la Cooperacio ...,
Costa Rica,Postgraduate,Built Environment,Universidad Para La Paz,
Costa Rica,Postgraduate,Business & Management Studies,ULACIT - Universidad Latinoame ...,#701+ QS World University Rankings 2018
Costa Rica,Postgraduate,Business & Management Studies,,
Costa Rica,Postgraduate,Business & Management Studies,,
Costa Rica,Postgraduate,Business & Management Studies,,
Costa Rica,Postgraduate,Business & Management Studies,,
Costa Rica,Postgraduate,Business & Management Studies,,
Costa Rica,Postgraduate,Business & Management Studies,,
Costa Rica,Postgraduate,Business & Management Studies,,
Costa Rica,Postgraduate,Business & Management Studies,,
Costa Rica,Postgraduate,Business & Management Studies,Universidad Latina de Costa Rica,
Costa Rica,Postgraduate,Business & Management Studies,,
Costa Rica,Postgraduate,Business & Management Studies,,
Costa Rica,Postgraduate,Business & Management Studies,,
Costa Rica,Postgraduate,Business & Management Studies,,
Costa Rica,Postgraduate,Business & Management Studies,,
Costa Rica,Postgraduate,Business & Management Studies,,
Costa Rica,Postgraduate,Business & Management Studies,,
Costa Rica,Postgraduate,Business & Management Studies,,
Costa Rica,Postgraduate,Business & Management Studies,Universidad de Costa Rica,#411-420 QS World University Rankings 2018
Costa Rica,Postgraduate,Business & Management Studies,Universidad para la Cooperacio ...,
Costa Rica,Postgraduate,Business & Management Studies,Universidad Hispanoamericana- ...,
Costa Rica,Postgraduate,Communication and Media Studies,ULACIT - Universidad Latinoame ...,#701+ QS World University Rankings 2018
Costa Rica,Postgraduate,Communication and Media Studies,,
Costa Rica,Postgraduate,Communication and Media Studies,,
Costa Rica,Postgraduate,Communication and Media Studies,,
Costa Rica,Postgraduate,Communication and Media Studies,,
Costa Rica,Postgraduate,Communication and Media Studies,,
Costa Rica,Postgraduate,Communication and Media Studies,,
Costa Rica,Postgraduate,Communication and Media Studies,,
Costa Rica,Postgraduate,Communication and Media Studies,,
Costa Rica,Postgraduate,Communication and Media Studies,Universidad Latina de Costa Rica,
Costa Rica,Postgraduate,Communication and Media Studies,,
Costa Rica,Postgraduate,Communication and Media Studies,,
Costa Rica,Postgraduate,Communication and Media Studies,,
Costa Rica,Postgraduate,Communication and Media Studies,,
Costa Rica,Postgraduate,Communication and Media Studies,,
Costa Rica,Postgraduate,Communication and Media Studies,,
Costa Rica,Postgraduate,Communication and Media Studies,,
Costa Rica,Postgraduate,Communication and Media Studies,,
Costa Rica,Postgraduate,Communication and Media Studies,Universidad de Costa Rica,#411-420 QS World University Rankings 2018
Costa Rica,Postgraduate,Communication and Media Studies,Universidad Para La Paz,
Costa Rica,Postgraduate,Computer Science and Information Systems,Universidad Latina de Costa Rica,
Costa Rica,Postgraduate,Computer Science and Information Systems,,
Costa Rica,Postgraduate,Computer Science and Information Systems,,
Costa Rica,Postgraduate,Computer Science and Information Systems,,
Costa Rica,Postgraduate,Computer Science and Information Systems,,
Costa Rica,Postgraduate,Computer Science and Information Systems,,
Costa Rica,Postgraduate,Computer Science and Information Systems,,
Costa Rica,Postgraduate,Computer Science and Information Systems,,
Costa Rica,Postgraduate,Computer Science and Information Systems,,
Costa Rica,Postgraduate,Computer Science and Information Systems,ULACIT - Universidad Latinoame ...,#701+ QS World University Rankings 2018
Costa Rica,Postgraduate,Computer Science and Information Systems,,
Costa Rica,Postgraduate,Computer Science and Information Systems,,
Costa Rica,Postgraduate,Computer Science and Information Systems,,
Costa Rica,Postgraduate,Computer Science and Information Systems,,
Costa Rica,Postgraduate,Computer Science and Information Systems,,
Costa Rica,Postgraduate,Computer Science and Information Systems,,
Costa Rica,Postgraduate,Computer Science and Information Systems,,
Costa Rica,Postgraduate,Computer Science and Information Systems,,
Costa Rica,Postgraduate,Computer Science and Information Systems,Universidad de Costa Rica,#411-420 QS World University Rankings 2018
Costa Rica,Postgraduate,Computer Science and Information Systems,Universidad Hispanoamericana- ...,
Costa Rica,Postgraduate,Computer Science and Information Systems,Universidad Catolica de Costa Rica,
Costa Rica,Postgraduate,Computer Science and Information Systems,Universidad para la Cooperacio ...,
Costa Rica,Postgraduate,Dentistry,ULACIT - Universidad Latinoame ...,#701+ QS World University Rankings 2018
Costa Rica,Postgraduate,Dentistry,,
Costa Rica,Postgraduate,Dentistry,,
Costa Rica,Postgraduate,Dentistry,,
Costa Rica,Postgraduate,Dentistry,,
Costa Rica,Postgraduate,Dentistry,,
Costa Rica,Postgraduate,Dentistry,,
Costa Rica,Postgraduate,Dentistry,,
Costa Rica,Postgraduate,Dentistry,,
Costa Rica,Postgraduate,Dentistry,Universidad Latina de Costa Rica,
Costa Rica,Postgraduate,Dentistry,,
Costa Rica,Postgraduate,Dentistry,,
Costa Rica,Postgraduate,Dentistry,,
Costa Rica,Postgraduate,Dentistry,,
Costa Rica,Postgraduate,Dentistry,,
Costa Rica,Postgraduate,Dentistry,,
Costa Rica,Postgraduate,Dentistry,,
Costa Rica,Postgraduate,Dentistry,,
Costa Rica,Postgraduate,Dentistry,Universidad de Costa Rica,#411-420 QS World University Rankings 2018
Costa Rica,Postgraduate,Development Studies,Universidad Latina de Costa Rica,
Costa Rica,Postgraduate,Development Studies,,
Costa Rica,Postgraduate,Development Studies,,
Costa Rica,Postgraduate,Development Studies,,
Costa Rica,Postgraduate,Development Studies,,
Costa Rica,Postgraduate,Development Studies,,
Costa Rica,Postgraduate,Development Studies,,
Costa Rica,Postgraduate,Development Studies,,
Costa Rica,Postgraduate,Development Studies,,
Costa Rica,Postgraduate,Earth and Marine Sciences,Universidad Para La Paz,
Costa Rica,Postgraduate,Economics and Econometrics,Universidad de Costa Rica,#411-420 QS World University Rankings 2018
Costa Rica,Postgraduate,Economics and Econometrics,Universidad para la Cooperacio ...,
Costa Rica,Postgraduate,Education and Training,Universidad Latina de Costa Rica,
Costa Rica,Postgraduate,Education and Training,,
Costa Rica,Postgraduate,Education and Training,,
Costa Rica,Postgraduate,Education and Training,,
Costa Rica,Postgraduate,Education and Training,,
Costa Rica,Postgraduate,Education and Training,,
Costa Rica,Postgraduate,Education and Training,,
Costa Rica,Postgraduate,Education and Training,,
Costa Rica,Postgraduate,Education and Training,,
Costa Rica,Postgraduate,Education and Training,ULACIT - Universidad Latinoame ...,#701+ QS World University Rankings 2018
Costa Rica,Postgraduate,Education and Training,,
Costa Rica,Postgraduate,Education and Training,,
Costa Rica,Postgraduate,Education and Training,,
Costa Rica,Postgraduate,Education and Training,,
Costa Rica,Postgraduate,Education and Training,,
Costa Rica,Postgraduate,Education and Training,,
Costa Rica,Postgraduate,Education and Training,,
Costa Rica,Postgraduate,Education and Training,,
Costa Rica,Postgraduate,Education and Training,Universidad Hispanoamericana- ...,
Costa Rica,Postgraduate,Education and Training,Universidad Catolica de Costa Rica,
Costa Rica,Postgraduate,Engineering - Aeronautical,Universidad de Costa Rica,#411-420 QS World University Rankings 2018
Costa Rica,Postgraduate,Engineering - Chemical,ULACIT - Universidad Latinoame ...,#701+ QS World University Rankings 2018
Costa Rica,Postgraduate,Engineering - Chemical,,
Costa Rica,Postgraduate,Engineering - Chemical,,
Costa Rica,Postgraduate,Engineering - Chemical,,
Costa Rica,Postgraduate,Engineering - Chemical,,
Costa Rica,Postgraduate,Engineering - Chemical,,
Costa Rica,Postgraduate,Engineering - Chemical,,
Costa Rica,Postgraduate,Engineering - Chemical,,
Costa Rica,Postgraduate,Engineering - Chemical,,
Costa Rica,Postgraduate,Engineering - Chemical,Universidad de Costa Rica,#411-420 QS World University Rankings 2018
Costa Rica,Postgraduate,Engineering - Civil and Structural,Universidad de Costa Rica,#411-420 QS World University Rankings 2018
Costa Rica,Postgraduate,Engineering - Electrical and Electronic,Universidad Latina de Costa Rica,
Costa Rica,Postgraduate,Engineering - Electrical and Electronic,,
Costa Rica,Postgraduate,Engineering - Electrical and Electronic,,
Costa Rica,Postgraduate,Engineering - Electrical and Electronic,,
Costa Rica,Postgraduate,Engineering - Electrical and Electronic,,
Costa Rica,Postgraduate,Engineering - Electrical and Electronic,,
Costa Rica,Postgraduate,Engineering - Electrical and Electronic,,
Costa Rica,Postgraduate,Engineering - Electrical and Electronic,,
Costa Rica,Postgraduate,Engineering - Electrical and Electronic,,
Costa Rica,Postgraduate,Engineering - Electrical and Electronic,ULACIT - Universidad Latinoame ...,#701+ QS World University Rankings 2018
Costa Rica,Postgraduate,Engineering - Electrical and Electronic,,
Costa Rica,Postgraduate,Engineering - Electrical and Electronic,,
Costa Rica,Postgraduate,Engineering - Electrical and Electronic,,
Costa Rica,Postgraduate,Engineering - Electrical and Electronic,,
Costa Rica,Postgraduate,Engineering - Electrical and Electronic,,
Costa Rica,Postgraduate,Engineering - Electrical and Electronic,,
Costa Rica,Postgraduate,Engineering - Electrical and Electronic,,
Costa Rica,Postgraduate,Engineering - Electrical and Electronic,,
Costa Rica,Postgraduate,Engineering - Electrical and Electronic,Universidad de Costa Rica,#411-420 QS World University Rankings 2018
Costa Rica,Postgraduate,Engineering - General,ULACIT - Universidad Latinoame ...,#701+ QS World University Rankings 2018
Costa Rica,Postgraduate,Engineering - General,,
Costa Rica,Postgraduate,Engineering - General,,
Costa Rica,Postgraduate,Engineering - General,,
Costa Rica,Postgraduate,Engineering - General,,
Costa Rica,Postgraduate,Engineering - General,,
Costa Rica,Postgraduate,Engineering - General,,
Costa Rica,Postgraduate,Engineering - General,,
Costa Rica,Postgraduate,Engineering - General,,
Costa Rica,Postgraduate,Engineering - General,Universidad Hispanoamericana- ...,
Costa Rica,Postgraduate,Engineering - Manufacturing & Production,ULACIT - Universidad Latinoame ...,#701+ QS World University Rankings 2018
Costa Rica,Postgraduate,Engineering - Manufacturing & Production,,
Costa Rica,Postgraduate,Engineering - Manufacturing & Production,,
Costa Rica,Postgraduate,Engineering - Manufacturing & Production,,
Costa Rica,Postgraduate,Engineering - Manufacturing & Production,,
Costa Rica,Postgraduate,Engineering - Manufacturing & Production,,
Costa Rica,Postgraduate,Engineering - Manufacturing & Production,,
Costa Rica,Postgraduate,Engineering - Manufacturing & Production,,
Costa Rica,Postgraduate,Engineering - Manufacturing & Production,,
Costa Rica,Postgraduate,Engineering - Manufacturing & Production,Universidad de Costa Rica,#411-420 QS World University Rankings 2018
Costa Rica,Postgraduate,Engineering - Mechanical,Universidad de Costa Rica,#411-420 QS World University Rankings 2018
Costa Rica,Postgraduate,English Language and Literature,Universidad de Costa Rica,#411-420 QS World University Rankings 2018
Costa Rica,Postgraduate,Environmental Studies,Universidad Para La Paz,
Costa Rica,Postgraduate,Ethnicity, Gender and Diversity,Universidad de Costa Rica,#411-420 QS World University Rankings 2018
Costa Rica,Postgraduate,Ethnicity, Gender and Diversity,Universidad Para La Paz,
Costa Rica,Postgraduate,Finance,ULACIT - Universidad Latinoame ...,#701+ QS World University Rankings 2018
Costa Rica,Postgraduate,Finance,,
Costa Rica,Postgraduate,Finance,,
Costa Rica,Postgraduate,Finance,,
Costa Rica,Postgraduate,Finance,,
Costa Rica,Postgraduate,Finance,,
Costa Rica,Postgraduate,Finance,,
Costa Rica,Postgraduate,Finance,,
Costa Rica,Postgraduate,Finance,,
Costa Rica,Postgraduate,Finance,Universidad Latina de Costa Rica,
Costa Rica,Postgraduate,Finance,,
Costa Rica,Postgraduate,Finance,,
Costa Rica,Postgraduate,Finance,,
Costa Rica,Postgraduate,Finance,,
Costa Rica,Postgraduate,Finance,,
Costa Rica,Postgraduate,Finance,,
Costa Rica,Postgraduate,Finance,,
Costa Rica,Postgraduate,Finance,,
Costa Rica,Postgraduate,Geography,Universidad de Costa Rica,#411-420 QS World University Rankings 2018
Costa Rica,Postgraduate,Human Resources Management,Universidad Latina de Costa Rica,
Costa Rica,Postgraduate,Human Resources Management,,
Costa Rica,Postgraduate,Human Resources Management,,
Costa Rica,Postgraduate,Human Resources Management,,
Costa Rica,Postgraduate,Human Resources Management,,
Costa Rica,Postgraduate,Human Resources Management,,
Costa Rica,Postgraduate,Human Resources Management,,
Costa Rica,Postgraduate,Human Resources Management,,
Costa Rica,Postgraduate,Human Resources Management,,
Costa Rica,Postgraduate,Human Resources Management,ULACIT - Universidad Latinoame ...,#701+ QS World University Rankings 2018
Costa Rica,Postgraduate,Human Resources Management,,
Costa Rica,Postgraduate,Human Resources Management,,
Costa Rica,Postgraduate,Human Resources Management,,
Costa Rica,Postgraduate,Human Resources Management,,
Costa Rica,Postgraduate,Human Resources Management,,
Costa Rica,Postgraduate,Human Resources Management,,
Costa Rica,Postgraduate,Human Resources Management,,
Costa Rica,Postgraduate,Human Resources Management,,
Costa Rica,Postgraduate,Human Resources Management,Universidad Hispanoamericana- ...,
Costa Rica,Postgraduate,International Relations/Studies/Affairs,Universidad Latina de Costa Rica,
Costa Rica,Postgraduate,International Relations/Studies/Affairs,,
Costa Rica,Postgraduate,International Relations/Studies/Affairs,,
Costa Rica,Postgraduate,International Relations/Studies/Affairs,,
Costa Rica,Postgraduate,International Relations/Studies/Affairs,,
Costa Rica,Postgraduate,International Relations/Studies/Affairs,,
Costa Rica,Postgraduate,International Relations/Studies/Affairs,,
Costa Rica,Postgraduate,International Relations/Studies/Affairs,,
Costa Rica,Postgraduate,International Relations/Studies/Affairs,,
Costa Rica,Postgraduate,International Relations/Studies/Affairs,ULACIT - Universidad Latinoame ...,#701+ QS World University Rankings 2018
Costa Rica,Postgraduate,International Relations/Studies/Affairs,,
Costa Rica,Postgraduate,International Relations/Studies/Affairs,,
Costa Rica,Postgraduate,International Relations/Studies/Affairs,,
Costa Rica,Postgraduate,International Relations/Studies/Affairs,,
Costa Rica,Postgraduate,International Relations/Studies/Affairs,,
Costa Rica,Postgraduate,International Relations/Studies/Affairs,,
Costa Rica,Postgraduate,International Relations/Studies/Affairs,,
Costa Rica,Postgraduate,International Relations/Studies/Affairs,,
Costa Rica,Postgraduate,International Relations/Studies/Affairs,Universidad Para La Paz,
Costa Rica,Postgraduate,Journalism,Universidad Latina de Costa Rica,
Costa Rica,Postgraduate,Journalism,,
Costa Rica,Postgraduate,Journalism,,
Costa Rica,Postgraduate,Journalism,,
Costa Rica,Postgraduate,Journalism,,
Costa Rica,Postgraduate,Journalism,,
Costa Rica,Postgraduate,Journalism,,
Costa Rica,Postgraduate,Journalism,,
Costa Rica,Postgraduate,Journalism,,
Costa Rica,Postgraduate,Law and Legal Studies,Universidad Latina de Costa Rica,
Costa Rica,Postgraduate,Law and Legal Studies,,
Costa Rica,Postgraduate,Law and Legal Studies,,
Costa Rica,Postgraduate,Law and Legal Studies,,
Costa Rica,Postgraduate,Law and Legal Studies,,
Costa Rica,Postgraduate,Law and Legal Studies,,
Costa Rica,Postgraduate,Law and Legal Studies,,
Costa Rica,Postgraduate,Law and Legal Studies,,
Costa Rica,Postgraduate,Law and Legal Studies,,
Costa Rica,Postgraduate,Law and Legal Studies,ULACIT - Universidad Latinoame ...,#701+ QS World University Rankings 2018
Costa Rica,Postgraduate,Law and Legal Studies,,
Costa Rica,Postgraduate,Law and Legal Studies,,
Costa Rica,Postgraduate,Law and Legal Studies,,
Costa Rica,Postgraduate,Law and Legal Studies,,
Costa Rica,Postgraduate,Law and Legal Studies,,
Costa Rica,Postgraduate,Law and Legal Studies,,
Costa Rica,Postgraduate,Law and Legal Studies,,
Costa Rica,Postgraduate,Law and Legal Studies,,
Costa Rica,Postgraduate,Law and Legal Studies,Universidad Para La Paz,
Costa Rica,Postgraduate,Law and Legal Studies,Universidad para la Cooperacio ...,
Costa Rica,Postgraduate,Law and Legal Studies,Universidad Hispanoamericana- ...,
Costa Rica,Postgraduate,Linguistics,ULACIT - Universidad Latinoame ...,#701+ QS World University Rankings 2018
Costa Rica,Postgraduate,Linguistics,,
Costa Rica,Postgraduate,Linguistics,,
Costa Rica,Postgraduate,Linguistics,,
Costa Rica,Postgraduate,Linguistics,,
Costa Rica,Postgraduate,Linguistics,,
Costa Rica,Postgraduate,Linguistics,,
Costa Rica,Postgraduate,Linguistics,,
Costa Rica,Postgraduate,Linguistics,,
Costa Rica,Postgraduate,Linguistics,Universidad de Costa Rica,#411-420 QS World University Rankings 2018
Costa Rica,Postgraduate,Linguistics,Universidad Hispanoamericana- ...,
Costa Rica,Postgraduate,Logistics / Supply Chain Management,ULACIT - Universidad Latinoame ...,#701+ QS World University Rankings 2018
Costa Rica,Postgraduate,Logistics / Supply Chain Management,,
Costa Rica,Postgraduate,Logistics / Supply Chain Management,,
Costa Rica,Postgraduate,Logistics / Supply Chain Management,,
Costa Rica,Postgraduate,Logistics / Supply Chain Management,,
Costa Rica,Postgraduate,Logistics / Supply Chain Management,,
Costa Rica,Postgraduate,Logistics / Supply Chain Management,,
Costa Rica,Postgraduate,Logistics / Supply Chain Management,,
Costa Rica,Postgraduate,Logistics / Supply Chain Management,,
Costa Rica,Postgraduate,Marketing,ULACIT - Universidad Latinoame ...,#701+ QS World University Rankings 2018
Costa Rica,Postgraduate,Marketing,,
Costa Rica,Postgraduate,Marketing,,
Costa Rica,Postgraduate,Marketing,,
Costa Rica,Postgraduate,Marketing,,
Costa Rica,Postgraduate,Marketing,,
Costa Rica,Postgraduate,Marketing,,
Costa Rica,Postgraduate,Marketing,,
Costa Rica,Postgraduate,Marketing,,
Costa Rica,Postgraduate,Marketing,Universidad Latina de Costa Rica,
Costa Rica,Postgraduate,Marketing,,
Costa Rica,Postgraduate,Marketing,,
Costa Rica,Postgraduate,Marketing,,
Costa Rica,Postgraduate,Marketing,,
Costa Rica,Postgraduate,Marketing,,
Costa Rica,Postgraduate,Marketing,,
Costa Rica,Postgraduate,Marketing,,
Costa Rica,Postgraduate,Marketing,,
Costa Rica,Postgraduate,Marketing,Universidad Hispanoamericana- ...,
Costa Rica,Postgraduate,Mathematics,Universidad de Costa Rica,#411-420 QS World University Rankings 2018
Costa Rica,Postgraduate,Medicine,Universidad Latina de Costa Rica,
Costa Rica,Postgraduate,Medicine,,
Costa Rica,Postgraduate,Medicine,,
Costa Rica,Postgraduate,Medicine,,
Costa Rica,Postgraduate,Medicine,,
Costa Rica,Postgraduate,Medicine,,
Costa Rica,Postgraduate,Medicine,,
Costa Rica,Postgraduate,Medicine,,
Costa Rica,Postgraduate,Medicine,,
Costa Rica,Postgraduate,Medicine,Universidad de Costa Rica,#411-420 QS World University Rankings 2018
Costa Rica,Postgraduate,Medicine,Universidad Hispanoamericana- ...,
Costa Rica,Postgraduate,Medicine Related Studies,Universidad de Costa Rica,#411-420 QS World University Rankings 2018
Costa Rica,Postgraduate,Medicine Related Studies,Universidad Hispanoamericana- ...,
Costa Rica,Postgraduate,Modern Languages,ULACIT - Universidad Latinoame ...,#701+ QS World University Rankings 2018
Costa Rica,Postgraduate,Modern Languages,,
Costa Rica,Postgraduate,Modern Languages,,
Costa Rica,Postgraduate,Modern Languages,,
Costa Rica,Postgraduate,Modern Languages,,
Costa Rica,Postgraduate,Modern Languages,,
Costa Rica,Postgraduate,Modern Languages,,
Costa Rica,Postgraduate,Modern Languages,,
Costa Rica,Postgraduate,Modern Languages,,
Costa Rica,Postgraduate,Modern Languages,Universidad Hispanoamericana- ...,
Costa Rica,Postgraduate,Modern Languages,Instituto Interamericano de Id ...,
Costa Rica,Postgraduate,Nursing,Universidad Latina de Costa Rica,
Costa Rica,Postgraduate,Nursing,,
Costa Rica,Postgraduate,Nursing,,
Costa Rica,Postgraduate,Nursing,,
Costa Rica,Postgraduate,Nursing,,
Costa Rica,Postgraduate,Nursing,,
Costa Rica,Postgraduate,Nursing,,
Costa Rica,Postgraduate,Nursing,,
Costa Rica,Postgraduate,Nursing,,
Costa Rica,Postgraduate,Nursing,Universidad Hispanoamericana- ...,
Costa Rica,Postgraduate,Performing Arts,Universidad de Costa Rica,#411-420 QS World University Rankings 2018
Costa Rica,Postgraduate,Philosophy,Universidad de Costa Rica,#411-420 QS World University Rankings 2018
Costa Rica,Postgraduate,Politics,Universidad de Costa Rica,#411-420 QS World University Rankings 2018
Costa Rica,Postgraduate,Psychology,ULACIT - Universidad Latinoame ...,#701+ QS World University Rankings 2018
Costa Rica,Postgraduate,Psychology,,
Costa Rica,Postgraduate,Psychology,,
Costa Rica,Postgraduate,Psychology,,
Costa Rica,Postgraduate,Psychology,,
Costa Rica,Postgraduate,Psychology,,
Costa Rica,Postgraduate,Psychology,,
Costa Rica,Postgraduate,Psychology,,
Costa Rica,Postgraduate,Psychology,,
Costa Rica,Postgraduate,Psychology,Universidad Latina de Costa Rica,
Costa Rica,Postgraduate,Psychology,,
Costa Rica,Postgraduate,Psychology,,
Costa Rica,Postgraduate,Psychology,,
Costa Rica,Postgraduate,Psychology,,
Costa Rica,Postgraduate,Psychology,,
Costa Rica,Postgraduate,Psychology,,
Costa Rica,Postgraduate,Psychology,,
Costa Rica,Postgraduate,Psychology,,
Costa Rica,Postgraduate,Psychology,Universidad de Costa Rica,#411-420 QS World University Rankings 2018
Costa Rica,Postgraduate,Psychology,Universidad Catolica de Costa Rica,
Costa Rica,Postgraduate,Psychology,Universidad Hispanoamericana- ...,
Costa Rica,Postgraduate,Public Policy,Universidad de Costa Rica,#411-420 QS World University Rankings 2018
Costa Rica,Postgraduate,Public Policy,Universidad Para La Paz,
Costa Rica,Postgraduate,Sociology,Universidad de Costa Rica,#411-420 QS World University Rankings 2018
Costa Rica,Postgraduate,Sociology,Universidad Hispanoamericana- ...,
Costa Rica,Postgraduate,Sports-related Courses,Universidad de Costa Rica,#411-420 QS World University Rankings 2018
Costa Rica,Postgraduate,Urban Planning,Universidad Para La Paz,

